AAGAGCTCTTTATCGG,50,68.92307692307692
AACGGCCATCTCCGGT,88,49.230769230769226
ATACTACCCGTACCAC,22,29.538461538461533
GTGGCGGTCCCAGCGT,107,60.71794871794872
TTACAGACCTAAATGA,31,83.6923076923077
GCGCCGTTCCACGATA,62,59.07692307692308
CAAGATATTATAACGT,38,52.51282051282051
GAGGCCCGACTCCGCA,104,36.1025641025641
ATGTGAAAGCCTAATG,105,50.87179487179488
GACCGACTGAAGCGTC,105,70.56410256410257
AGCCATATAGTATGTG,62,9.84615384615384
GCAACACACTAGAACT,111,50.87179487179488
GCCTCTATACATAGCA,52,36.1025641025641
AGGGACCGGCTGCGTT,17,67.28205128205128
AAGCTCGTGCCAAGTC,54,68.92307692307692
AGCGCGGGTGCCAATG,35,86.97435897435898
CTTTGGGATTGTTGCA,83,24.615384615384613
GCCGGTCGTATCTCTC,73,11.487179487179487
TGGCTTTGGGTAGACA,76,95.17948717948718
ACTTCGCCATACGCAC,52,82.05128205128204
TGCCCGTACCGTTAAA,52,52.51282051282051
TCAAGGTTACTACACC,24,49.230769230769226
GAGCATCAACAACTTG,97,21.33333333333333
CGGTGAAGACTAAAGT,104,68.92307692307692
TTATGATCTTAACGAA,45,64.0
GCAGGAACTTAGATCT,112,39.38461538461539
CTATTTGGTTACGGAT,45,67.28205128205128
GTTTCATATCGTCGCT,100,62.358974358974365
TCTTTAGAGTCTAACA,13,44.30769230769231
ACTGGGATGCCAGTGC,74,6.564102564102569
TGTGGTTGCTAAAGCT,78,19.692307692307693
CGTGGAAGCCTCGTAC,7,47.58974358974359
ATCTCGTGAGCGAAAC,11,47.58974358974359
ATAGGCTAGCTTCGCA,30,85.33333333333334
CTGGCGCACAGGTCTG,38,65.64102564102564
AATATCGAATCAATGC,18,45.94871794871794
GCACAAACGAGGCGTG,13,50.87179487179488
TCAGCAAATGCATCTC,54,75.48717948717949
TTAAGGCCCGTACTTT,102,29.538461538461533
AAAGTAGCATTGCTCA,100,42.66666666666667
TCCCGTGTGCAATTTG,47,54.15384615384616
CACCGTATCCCATCCG,23,41.02564102564102
GCCCTAGCCGTCGCGA,111,37.74358974358974
TAAGTCGCCGAGTATC,95,37.74358974358974
CCGCCGGAACTTCTCG,115,37.74358974358974
CGTGCTTCTACCTAAA,99,24.615384615384613
CCAGCTGATGGTACTT,106,65.64102564102564
CTACGACTAGCTATAA,103,64.0
GTGCGAAATCGAACAC,84,52.51282051282051
CGTTCAAGGAAACGGA,81,11.487179487179487
TCAACAAAGATAATTC,98,39.38461538461539
ATTGTCTGTTTCATGT,74,9.84615384615384
CTTAGTAGGCCTACAG,25,73.84615384615384
AATCGTGAGCCGAGCA,44,16.41025641025641
CTTGTACTTGTTGACT,76,91.8974358974359
GAAAGCCCTTTGGACC,106,68.92307692307692
ATTAATGAACCAGTCG,48,88.61538461538461
CGGTTATCCAACAGTG,29,77.12820512820514
CTGACTGCGCAGCTCG,26,75.48717948717949
AATTCATAAGGGATCT,36,88.61538461538461
GACAAACATATGCAGG,27,54.15384615384616
AGTAGAAGGCGCCTCA,65,11.487179487179487
TTGGACCTATAACAGT,41,34.46153846153847
AACAGGATGGGCCGCG,96,78.76923076923077
CTGTAGTGAGGATCGA,84,13.128205128205124
ATCACGTGCTAATTAA,91,50.87179487179488
GAGTAAGGCCACGGGA,113,47.58974358974359
CCTCACCTGAGGGAGC,25,80.41025641025641
ACGCATTCGTGAGTAC,66,72.2051282051282
TGTTATTGTATGTGGC,41,54.15384615384616
TGCCCGATAGTTAGAA,49,8.205128205128204
ACTACAAAGAGAGGTG,78,9.84615384615384
AAGGGACTATGCATTC,101,27.897435897435894
CGGTTGACCTGGCATA,102,62.358974358974365
ATCATCCAATATTTGT,68,62.358974358974365
TTCGTACTCCAGAACG,98,78.76923076923077
AACACGAGACGCGGCC,106,52.51282051282051
AACATATCAACTGGTG,28,82.05128205128204
CTATCGGGTCTCAACA,58,68.92307692307692
GATGTAACGAACCACC,106,42.66666666666667
ACGCTGTGAGGCGTAG,114,62.358974358974365
TCCTAAAGATTCAGAC,43,14.769230769230774
TCTCTAATAGCTGGTA,75,93.53846153846156
CTCTTCTGGAAGTTAG,87,24.615384615384613
TTGCGGCATCAGAAAG,82,39.38461538461539
TGCCGGATGTACGAGC,93,24.615384615384613
AACCCATCCCATGATC,113,34.46153846153847
CCAGTAGTCTGATCCA,36,82.05128205128204
GTAGCCAAACATGGGA,57,44.30769230769231
ACCATCCGCCAACTAG,115,54.15384615384616
CCTGGCTAGACCCGCC,84,78.76923076923077
ACCTCCGTTATTCACC,15,70.56410256410257
AGTCGGTTGCGTGAGA,15,60.71794871794872
TCGTGTCACGCTGACA,104,55.7948717948718
GCCGTGGAAGAAATGT,12,62.358974358974365
ATCAGCCTCATGCTGC,40,32.82051282051282
AACGGACGTACGTATA,35,44.30769230769231
TAGGTTCTGCTGAGAA,65,8.205128205128204
TACCTCCACACCAATG,98,19.692307692307693
CAATGTGCCAACCCTT,12,65.64102564102564
ATCTAATATCCTACGG,60,36.1025641025641
AACCAAGACTTCTCTG,103,67.28205128205128
AACCCTACTGTCAATA,31,60.71794871794872
TGTAGGAGAAATTTCC,41,70.56410256410257
AGCACTACCGGCCTGT,107,70.56410256410257
GGGCACGTAGTACTGT,79,11.487179487179487
AGTGAGCCTCGCCGCC,24,78.76923076923077
GCAAGTGCACAGAGAA,85,86.97435897435898
TCCCAGCTTTAGTCTG,71,70.56410256410257
GACCAGAGCCCTGTAG,80,75.48717948717949
GGCCGAGACTCTGGTG,95,24.615384615384613
CGCCGCCCATGCCTGT,44,62.358974358974365
ATGGTATTGGGAACCG,66,6.564102564102569
CAGTTCGAGGACCCGA,78,13.128205128205124
GAACGTCTCATGGTCG,40,75.48717948717949
GGACCTCTAGGCCGCC,97,31.179487179487182
TCACGCATTGTAGATC,78,72.2051282051282
ATCTCCCACGGAATAT,19,27.897435897435894
GAGGGAGTCAGATCGC,86,19.692307692307693
GCTGAATCTTCCAATC,104,29.538461538461533
GAGCGCAAATACTCCG,20,42.66666666666667
GGTAACCGGGAGGATA,100,32.82051282051282
CCTCCGACAATTCAAG,94,72.2051282051282
TTGGTTGCGGTGCGCG,104,39.38461538461539
GGGCCCGTCTTAAACA,75,57.43589743589743
GGATCTTGACTCAACC,110,42.66666666666667
ACGATACATAGAACTA,47,90.25641025641023
GCGACGGTAGTCTCCT,56,6.564102564102569
TATATAGGGCTTTACG,94,22.974358974358974
CACCCTTGGTGAGACC,111,44.30769230769231
TACAGAAACGGTGGGC,42,29.538461538461533
GGTTACCACCCTCGGG,94,52.51282051282051
TTGTAATCCGTACTCG,72,68.92307692307692
CCGGAATGGTTTCAGT,95,86.97435897435898
CCAGTCTTGTCATAGA,68,29.538461538461533
TAAATTTAGTAACACC,88,9.84615384615384
ATCCAACGCAGTCATA,90,85.33333333333334
CATCTAGTGAAGGGAA,6,52.51282051282051
CGTTTGTGTAGAGGGT,86,36.1025641025641
TGGAGAATAATCGTCC,83,8.205128205128204
GATCGCTATATCTCAG,102,26.256410256410263
CATGCGACCAGTTTAA,29,83.6923076923077
CCATGCTCTGCAGGAA,84,91.8974358974359
CAGATCCTGGTTTGAA,110,36.1025641025641
TCTTCGATACCAATAA,61,73.84615384615384
AACTCTCAATAGAGCG,34,68.92307692307692
AATCTAGGTTTACTTG,111,41.02564102564102
CCCGTAGCTGGGAAGA,88,32.82051282051282
AGGGTTCAGACGGTCC,82,13.128205128205124
AATGTGCTAATCTGAG,95,18.051282051282055
CTCTCTAACTGCCTAG,106,32.82051282051282
GGTTCTACTCGTCTGA,22,62.358974358974365
GTAGCTCCGGGAGGCT,90,19.692307692307693
GAAGCTCGGACCCGTC,106,36.1025641025641
ACCGAGTCTCCTTATT,48,9.84615384615384
GCTCATTGATCATATC,79,4.92307692307692
CTTGGCCAAGCTGGGA,70,26.256410256410263
AACAGGTAGTATGGAT,14,45.94871794871794
CACTGACGATTGTGGA,76,19.692307692307693
CGCAATTAGGGTAATA,83,80.41025641025641
CCTGGAAACGTTCTGC,14,62.358974358974365
GGGTATTCTAGCAAAC,112,36.1025641025641
CGACAGTTCGCGTTAT,85,67.28205128205128
CCTGTTCAACCTCGGG,76,9.84615384615384
GTGATCACTAACGCCT,30,49.230769230769226
ATCAGCTCGTCCACTA,112,45.94871794871794
TGCAATCTAACACGGT,37,24.615384615384613
GACTAAGATCATGCAC,74,88.61538461538461
GACGCCGTAAAGGCTA,73,37.74358974358974
ACTGTAGCACTTTGGA,88,82.05128205128204
GTCTATCTGAGTTTCT,85,60.71794871794872
CTGGGTAGGCAGTTAA,48,55.7948717948718
AGATGCAAGACGTGCA,103,31.179487179487182
GATCGACACTATCTGA,80,82.05128205128204
GTCTTGAGGAGCAGTG,11,64.0
CACACAGCTTGCGCTC,12,49.230769230769226
GCAACCACGGCCGCGT,98,55.7948717948718
GACAGCCAGACCTGAC,41,57.43589743589743
TCGCCGACATATTCGC,41,18.051282051282055
AGTCGTGGGCATTACG,98,42.66666666666667
GCTACAATCGAGGATA,23,24.615384615384613
ATATTTAACCCTCAAG,72,75.48717948717949
CAGCAGTCCAGACTAT,27,44.30769230769231
GTTCCGTCCGCCTGCA,85,11.487179487179487
AGGATAAAGTCGGGAT,62,39.38461538461539
GCAAATATTACGCTTT,86,68.92307692307692
CTGTACTTCTTAGCAT,76,62.358974358974365
GAAAGTGACTAACTGC,96,85.33333333333334
AACACACGCTCGCCGC,34,42.66666666666667
GGGAAGACGGTCTGTC,51,21.33333333333333
TAAGGGCTGGGAGAGG,109,70.56410256410257
GAGGCTATCAAAGTCG,100,68.92307692307692
TGCTTAGAGAGAATGC,101,24.615384615384613
TCGCCGAAGTTGCGTC,90,52.51282051282051
GTGCCTGAGACCAAAC,38,13.128205128205124
CTTCAGTGGTCGCCTA,109,37.74358974358974
TAAGCAGGCGACACGC,108,68.92307692307692
GAATAGCATTTAGGGT,9,50.87179487179488
CCTTGTGAACGTGGTT,79,8.205128205128204
GATCCCTTTATACTGC,67,80.41025641025641
CGCCCAGCGTTTCACG,38,19.692307692307693
CATACGAACTAGCTGG,96,19.692307692307693
TGTCCACGGCTCAACT,26,19.692307692307693
GCGCATCCAGTCAGCA,32,78.76923076923077
ATCCCATTTCCGTGGG,70,9.84615384615384
CCGCTATCAGCACCAG,64,52.51282051282051
GATCGGATAGAACCAT,114,59.07692307692308
GCACAGCACGGGCCGA,85,8.205128205128204
AGTTAAGTCAACCGCT,102,42.66666666666667
TAAAGTGCACGTCTCG,77,8.205128205128204
TTCGAACGAAACATGC,85,4.92307692307692
GGTTAGCTATATGTCT,40,49.230769230769226
CGCCGCGTTCTGAACG,82,6.564102564102569
TACTCGGCACGCCGGG,111,67.28205128205128
GCCGTCGGTTTCGGGC,86,9.84615384615384
CAAACGGTCGCACTTT,87,77.12820512820514
GCAAACGTCGCCAGGT,10,49.230769230769226
CTCACTTGGCTGGTAA,101,60.71794871794872
GGGCGGGTTCCCTACG,90,55.7948717948718
AACGCGACCTTGGGCG,74,16.41025641025641
ATAACGCCGGAGGGTC,46,68.92307692307692
CCAATAGTGCCGTCGA,85,70.56410256410257
TGGGTGTTAAGTAGAA,59,8.205128205128204
CATAGTCAAATACATA,34,19.692307692307693
AGTTTGCACCTGCCTC,53,31.179487179487182
TGGCTCTTGTCGCGTA,115,57.43589743589743
GGGACCCGTATATCTT,74,32.82051282051282
ATTCGACGCCGGGCCT,101,67.28205128205128
GCGGACCGCGTTGTGG,84,42.66666666666667
TGTGCCGGTGCCGGAA,30,39.38461538461539
AGATATAATACGACTA,55,21.33333333333333
TACGAGAACTTCACGT,88,68.92307692307692
CGATAATACTCAGGTT,10,55.7948717948718
ATTTCCGGGTTCTGCG,92,36.1025641025641
CCCGGTGTATCGGAAT,110,39.38461538461539
GGTGGAGGTTGATACG,5,54.15384615384616
CCTCACCTTAGCATCG,30,82.05128205128204
TGCCGTGGATCGTCCT,64,32.82051282051282
ATACCACGGGCAACTT,98,68.92307692307692
GGTGCATAAATGATTA,80,16.41025641025641
GGTACATCTGGGACGA,109,64.0
GCCTGTCCCGGTGCAT,64,6.564102564102569
ATATGGGATAGCAACT,72,9.84615384615384
CCGACAAAGGGAGTGC,106,72.2051282051282
GCTTACGTAGTTAGTA,15,67.28205128205128
AATAACAACGCTCGGC,97,67.28205128205128
GACGCTTGCTTCTAAA,91,64.0
GGCCCAGCTGGTTTGC,53,11.487179487179487
TCATTTAGAAGTGTGA,17,37.74358974358974
GCATTGTAATTCATAT,106,59.07692307692308
ATGACTATCAGCTGTG,84,22.974358974358974
TGAAAGGACCTGACTC,44,68.92307692307692
AGAGATCTCTAAAGCG,109,60.71794871794872
GAAGTCTCCCTAGCGA,36,65.64102564102564
CAAGGTCCTATAGGCT,17,70.56410256410257
TGAACAAGCAGGGACT,91,18.051282051282055
CTGGGATACGCTACCC,10,65.64102564102564
GCTCGGAATTTAAAGC,43,90.25641025641023
GTCTAGTGAGCCGCTT,35,18.051282051282055
AAATGGTCAATGTGCC,76,72.2051282051282
AGTGCTAAACACAGCA,36,26.256410256410263
CTCGTTACGGCTACCA,87,11.487179487179487
CTGCGATTTCGAGATT,67,8.205128205128204
TGAGGTGTGTGGCGGA,75,11.487179487179487
ATTGGATTACAGCGTA,25,37.74358974358974
CAGTAGCCCACGCGGT,36,85.33333333333334
GTTGAACCGGTTCCAT,87,57.43589743589743
TACTGTTTCTCTGGTA,8,49.230769230769226
TTATCCTCAAGGAATA,109,41.02564102564102
CCAGGGACGTGGCCTC,74,82.05128205128204
CTAGGGATAGGGACAA,84,9.84615384615384
GCCATTAGCCTCAAAC,114,36.1025641025641
GGGCTGCCTAGGGCGA,58,72.2051282051282
CTCTTCTATTGACTGG,27,50.87179487179488
TACTGGACAGCTCGGC,102,68.92307692307692
TCTGGGTAGCGCTCAT,91,60.71794871794872
CGCAATTACTTTCGGT,94,88.61538461538461
AATACCGGAGGGCTGT,90,16.41025641025641
GCTGGCATATTCACCT,96,75.48717948717949
AGGGTCAGAGCACTCG,87,14.769230769230774
AATTCTAGAGTTAGGC,64,45.94871794871794
CCCTGCCCAATCCGCT,108,59.07692307692308
TCTCGAGGAGGTTCGC,15,41.02564102564102
TGATTCCCGGTTACCT,77,21.33333333333333
AGAAATTATGACTCGC,12,39.38461538461539
ATCAAACGAAGGTTTG,94,45.94871794871794
CTCTGGACGCCTGGTG,65,73.84615384615384
GAGTGTGCGGTACCCA,39,54.15384615384616
ACAAATGGTAGTGTTT,43,54.15384615384616
CCGAACACTGGGCCTC,109,54.15384615384616
GAAGCTTGCTGACCGC,92,78.76923076923077
GTATAGGACTCAGTAG,69,93.53846153846156
TTCGGGACTAATCGCG,55,67.28205128205128
CTGCCTTTAATACCTT,99,21.33333333333333
TCCAGCGCTATAAGCG,11,41.02564102564102
ACCGGGCCTTTGTTGA,29,50.87179487179488
TGGAGTGATGCGATGA,86,78.76923076923077
ATATTCAGTTAAACCT,87,54.15384615384616
CCAAATAACAAGATTC,14,42.66666666666667
AGTCGACGGTCTCAAG,37,64.0
GGCAGCAAACCTATGC,24,42.66666666666667
GGCGCGGAGATCTTTC,41,31.179487179487182
AGCAACATATCTTATT,34,59.07692307692308
CTGCCAAGGTTGGAAG,50,91.8974358974359
AGGGTGCCGTTCTTTA,94,19.692307692307693
GTGGGAACAAACCGGG,80,9.84615384615384
CTCCTCCAGCTCACAC,77,24.615384615384613
GTTGCGCTAACATTAC,8,59.07692307692308
GTTTGACCAAATCCTA,69,77.12820512820514
TACCGCGGACTTGCAG,30,72.2051282051282
TAGAGGGAGTTTATCT,62,6.564102564102569
ACGGACTCTCAAAGCG,52,26.256410256410263
CCTAACCCAAACAAGT,38,45.94871794871794
GTATCTCAGTCTTGAC,105,31.179487179487182
CACATCGTGCACGCGC,89,27.897435897435894
CACTACGGGAGCTGCC,20,29.538461538461533
TTATCTGTATCATAAC,67,90.25641025641023
CGGCTCTAAAGCTGCA,17,50.87179487179488
GTTGGTCATGCTATCC,64,36.1025641025641
GATTGCTCCAGTTGCA,100,22.974358974358974
GACTGCAAATCGAGCT,52,29.538461538461533
TTAAAGGCGATGCTCG,78,6.564102564102569
GCGAGGCCCGAGCAGA,80,65.64102564102564
CAGTTCCGCGGGTCGA,101,83.6923076923077
AGCATCATTTCGAAAG,108,39.38461538461539
ATGACTATGCGACATT,39,47.58974358974359
ATGAGGGCAGCGGCTA,7,57.43589743589743
ACGGATGGTGCGGATA,48,32.82051282051282
GCATACGAGGTCTTTA,113,64.0
GCTCCATGCAAAGCAA,72,13.128205128205124
TGACATCGAGCGGACC,26,68.92307692307692
GATAACTCGCACTGTG,38,62.358974358974365
GATCCTCGACACTGGC,95,44.30769230769231
AGATACCGGTGTTCAC,89,60.71794871794872
TCTGAACCGGTCGGCT,90,91.8974358974359
TTCACGAAAGGATCAC,73,64.0
GGTGATAAGGAGCAGT,48,65.64102564102564
ATGACGCGTTCTATCC,97,41.02564102564102
CAAACTCGCGACGCCG,16,52.51282051282051
TAATCGATCCGTACGT,34,85.33333333333334
CAATGACCCTTAATTT,70,6.564102564102569
ACAGTAATACAACTTG,113,50.87179487179488
CAACCTACCGAGCAGT,24,26.256410256410263
GTCAAAGAAGTGGTGT,109,34.46153846153847
ACCTACAGTATGTGGT,14,59.07692307692308
GATCTCGACGCTGTGG,9,44.30769230769231
CGGGCGATGGATCACG,52,13.128205128205124
TAGACGCCCGTACCGG,37,73.84615384615384
AGCGCATAATGAATCG,72,32.82051282051282
CTCGGGTTCTCTGGCC,100,26.256410256410263
TACGATGTTGATCATC,92,68.92307692307692
TACGCTATAGAAACCT,23,70.56410256410257
GAATCGACATGGTCAC,85,83.6923076923077
AGGGTGCTCTCGAGGG,35,70.56410256410257
GAAATATCACCATCAG,104,72.2051282051282
CCATACCTTTACTTGT,25,77.12820512820514
AGGATCACGCGATCTG,111,47.58974358974359
GCTAGTAGAGCTTGTA,62,62.358974358974365
GCTCCGCTCGCTTCAG,15,57.43589743589743
CTGCTGTCTAACGAGC,8,45.94871794871794
TCCTATCATAGGTAAC,7,50.87179487179488
TGACGAATATTTCCCT,105,54.15384615384616
TCTATTACTAGAGGAT,112,59.07692307692308
TCACGATGTCCGTGGA,99,41.02564102564102
GTAAGTAGGGTATACC,91,83.6923076923077
CCAAGAAAGTGGGCGA,75,41.02564102564102
AAGTTCGGCCAACAGG,93,50.87179487179488
TACAACGCACAACTCA,78,59.07692307692308
GTAGTTCGAAGGCGAA,88,19.692307692307693
GACCGCGTCTGACGTG,15,44.30769230769231
GGTCAGTGGGTCCCAC,65,47.58974358974359
TTCCATCGACAGCGTG,20,26.256410256410263
GTGTTACTATGCGTCC,52,59.07692307692308
CAAGTGTGGTTGCAAA,33,60.71794871794872
CGCTCGACATAATGAT,82,91.8974358974359
TTGGAAGAATACAGTC,103,44.30769230769231
GGGTCACCGTGACGGT,80,68.92307692307692
GGGTCAGGAGCTAGAT,72,19.692307692307693
ACTTGTGGATGGAACG,19,41.02564102564102
TCGCGTCCAGAAGGTC,98,75.48717948717949
GTGCGGGTCTCCAAAT,71,93.53846153846156
CCTTTCAATGAAGAAA,32,85.33333333333334
CGTCGGGTCTAAGCGC,105,37.74358974358974
TGCCGTGGGACCCAAT,60,9.84615384615384
TTGATTATGCAGATGA,94,82.05128205128204
ACCAATATGCAAGTTA,49,34.46153846153847
GGCAAGCCCATAGTGG,66,16.41025641025641
ACGACTGGTCATACTC,93,21.33333333333333
GTGCTTACATCAGCGC,11,50.87179487179488
GAGAGGGCGCGAGGTT,87,64.0
GAGGGCGCAGCTCTGC,38,82.05128205128204
GAGATGGGAGTCGACA,55,41.02564102564102
TGAGTAAATTAGCGTA,70,49.230769230769226
GGGCCCTACGAAAGGG,111,64.0
TGTGTCGCGAGTTGCA,91,86.97435897435898
CTTTGGCTTTAGTAAA,87,73.84615384615384
CTGCGGGTGAAATGTT,104,75.48717948717949
TACACAGCCGTGGTGC,53,8.205128205128204
TAGGTCGCCGGAACTG,27,73.84615384615384
ACCCAACGCCCGTGGC,41,77.12820512820514
GCGTGGTACTGGGTTA,32,68.92307692307692
GGCGGAGTAATATTAG,81,73.84615384615384
CGTGCATTGTCGACGC,96,62.358974358974365
GTGTCAGTGTACGTGG,85,14.769230769230774
AACAATTACTCTACGC,102,78.76923076923077
TTGAGTCCCGCTGCTG,8,62.358974358974365
AGTGGCGGCAATTTGA,33,86.97435897435898
TGGGCAATAGTTGGGT,19,50.87179487179488
TGGAAGAAGGGAACGT,92,62.358974358974365
GTTGTAGATTTATGAG,64,9.84615384615384
TCGGGCCGTCGTGGTA,39,60.71794871794872
AGGTTTCACACACCTT,60,59.07692307692308
ATACGGAACGTCGTTT,105,34.46153846153847
GGTGGACTGCTCTGGC,42,36.1025641025641
ACAATTGTGTCTCTTT,30,42.66666666666667
CCTATGTCCACTCCAC,35,24.615384615384613
TATTCCTCCGCCCACT,95,47.58974358974359
TACTCCTCTAGTTGAC,91,21.33333333333333
GCAACGGCTAGTTATG,14,55.7948717948718
TTGCCCTGATCACGGG,93,67.28205128205128
TCAACATAGCGCCCTA,83,31.179487179487182
TATCTACAGAGGTAAT,103,77.12820512820514
AGAGAAACACCAGAAA,93,14.769230769230774
TCGCAAAGATGCATTT,52,49.230769230769226
TTCGGTGGAGACGCCC,6,49.230769230769226
CACCGTTAGGGATCAC,90,39.38461538461539
TCCTAGCAAAGAAGCT,86,59.07692307692308
TTGAGCAGCCCACGGT,11,54.15384615384616
TAGGGTGTTTCAAGAG,73,90.25641025641023
TCCCTGGCTCGCTGGA,100,72.2051282051282
TCCGCTGTCATCCCGG,46,49.230769230769226
TATGGTTAGTGGGAGA,22,59.07692307692308
CTACACTCGCAGATGG,26,32.82051282051282
TCCAGGCAGGACGATC,71,8.205128205128204
TGGTTCAACGGGTAAT,53,44.30769230769231
AAGGGACAGATTCTGT,35,83.6923076923077
GACTCTAGAGTTCCAA,71,4.92307692307692
TCTACCGTCCACAAGC,60,82.05128205128204
TACGCTCCTAGAACTG,80,6.564102564102569
TTGAGCGCCACGTGAT,9,64.0
AGCTCTTCGTAACCTT,20,62.358974358974365
CAAGAGGGCGGAGTAC,53,50.87179487179488
TTGAATTCACGTGAGG,30,62.358974358974365
CCCTACTTGAACAATG,41,11.487179487179487
CTAGGTCTGAAGGAAT,23,67.28205128205128
CCGTATCTCGTCGTAG,100,39.38461538461539
GTAGTCTACGATATTG,50,22.974358974358974
CGGCAAACATCGTGCG,61,41.02564102564102
CCCTGCGCTACGCATA,103,70.56410256410257
TATGGCCCGGCCTCGC,97,77.12820512820514
AATCTGGCTTTCTAGT,112,42.66666666666667
CAGGCAGTCTTACCAG,42,19.692307692307693
CGAGTGAAGGTACCAG,98,36.1025641025641
GCGTCTCTGCATTGGG,86,62.358974358974365
CACGTTCGTGCTCTAG,46,65.64102564102564
AATAGAATCTGTTTCA,41,47.58974358974359
TCTGGGAACCTTTGAA,29,60.71794871794872
GTAAGTAACAGTCTGG,45,60.71794871794872
TTCTATTAAACGCAGC,72,16.41025641025641
TTCTTGAGCCGCGCTA,86,49.230769230769226
TGTGCTTTACGTAAGA,109,67.28205128205128
GTTTCTGCAGTCTCCC,55,60.71794871794872
AACTTGCCCGTATGCA,100,78.76923076923077
ACCTAAGTACCTTTCA,97,44.30769230769231
CTATCGACGAAATACA,34,39.38461538461539
GAGTTGATGGCAATTT,108,42.66666666666667
TCCGGCCTAGCGTACA,29,80.41025641025641
TGGACGCAATCCAGCC,107,31.179487179487182
TTGAATATGGACTTTC,51,70.56410256410257
CTTCAACTCCACTTGG,50,29.538461538461533
GACTACAAAGCGGTGG,106,45.94871794871794
ACGCGCTACACAGGGT,96,59.07692307692308
GCTCCCAGTCGGTCCA,18,55.7948717948718
CATGGTAAGTAGCGTT,54,52.51282051282051
TTGTGCAGCCACGTCA,53,27.897435897435894
TCGTATTACCCATTGC,102,65.64102564102564
CGATCCACCATTGTTG,73,8.205128205128204
CACTCTCAAGCATCGA,80,13.128205128205124
TCGCTTTAAACGTTTG,40,85.33333333333334
ATCCAGGATTCGTGAA,81,60.71794871794872
TCCGAACTTGGCTTAC,108,72.2051282051282
AGACCCGCCCTCCTCG,71,83.6923076923077
TACTTTACTGAGCCGG,31,77.12820512820514
GGAACCTTGACTCTGC,106,29.538461538461533
TAGGTGAGCCCTACTC,94,78.76923076923077
TGATTTATTAGCTGTG,93,64.0
TGCGCGATTAACGGAG,86,82.05128205128204
CTGGGCCTGCTATATC,97,54.15384615384616
GCTGTATTACTGGCCC,89,50.87179487179488
TGCAGAACTATATCGT,105,57.43589743589743
TTGTTTCACATCCAGG,85,31.179487179487182
GCTGCGAAGAATTATT,81,4.92307692307692
TCTGCCAGAAACTGCA,48,59.07692307692308
GAAGAAACGATATTGT,98,29.538461538461533
TAGCTCGCCTGATAAC,69,44.30769230769231
AAAGGCTACGGACCAT,73,24.615384615384613
CCAAACAGAACCCTCG,79,90.25641025641023
GTAAGTCCACACTCTA,8,55.7948717948718
ACAAGGAAATCCGCCC,52,45.94871794871794
GTACAGAGGCAAGGGT,44,65.64102564102564
ATGGGACCTGCTGAAC,96,26.256410256410263
AGCAAAGGCCGCTAGT,55,27.897435897435894
GGATCTTACTGCCCTT,92,19.692307692307693
AGAATTATGGATTCGA,29,73.84615384615384
GCCCGACTTCTTCCCG,102,45.94871794871794
CACTCTTCTGCTAGCC,26,29.538461538461533
ACTTATACTTACCCGG,37,67.28205128205128
TCGTCCGCTGGCGTCT,87,90.25641025641023
GATCAACATAAAGGGA,91,24.615384615384613
CCGTAGGGTTGTTTAC,23,27.897435897435894
GAGCGCTGTTAGGTAA,104,26.256410256410263
GCGCTGCTTTGCATTT,33,80.41025641025641
GCGGTCTTGCTTTCAC,45,8.205128205128204
ATCCTGAATCGCTGCG,101,64.0
GACAGGCACACACTAT,105,64.0
AGGCCTATCATACCAA,75,8.205128205128204
ATAAATATTAGCAGCT,99,64.0
CTCCCAATGAGTCGCG,12,42.66666666666667
GGTTTAATTACCATCG,88,22.974358974358974
GAGAGTCTCGGGAGAG,87,8.205128205128204
AGTTTGGCCAGACCTA,96,49.230769230769226
CCCGGGTCGTTCAGGG,70,19.692307692307693
TATGTAAAGTGCTTAA,83,18.051282051282055
AATGTGCCCGAGGTGT,100,36.1025641025641
GCCTCATCTGGAAATA,32,59.07692307692308
ACGATCATCTTGTAAA,25,67.28205128205128
TCTCTTACCGCGAACC,84,19.692307692307693
AGGTGGTGACCTTCGC,71,21.33333333333333
TATTATGTTTGCCTGC,110,32.82051282051282
GTGATCCTTGTCATGA,43,24.615384615384613
CGACTTTGTATAGCCT,18,72.2051282051282
AAGCTCTTTCATGGTG,46,32.82051282051282
CGCTTAGTATTGATAC,75,18.051282051282055
ATCGGAGACAGACGGC,51,41.02564102564102
CGACTCAGGATGTTAT,38,88.61538461538461
TCCCACTCTCTTCCGG,20,75.48717948717949
GTGGGCTTAGACACAC,88,78.76923076923077
GAGCTCAACATGAGCG,58,6.564102564102569
CATTTAGCGGACCATG,42,85.33333333333334
GCAAGTGTAAAGCATG,82,16.41025641025641
CCATGCCCTAGATTTC,29,34.46153846153847
TAATTAGGACATCCGT,19,57.43589743589743
TGCGAATATGGGATTT,114,52.51282051282051
AAGTGTTTGGAGACGG,47,41.02564102564102
TTCGGTACTGTAGAGG,64,16.41025641025641
CCGACGGGCATGAGGT,101,37.74358974358974
TGTGTTCGTATCCAAG,106,75.48717948717949
CCTACATTCACAGACG,94,42.66666666666667
ACCGCAATAACTGCCT,48,42.66666666666667
TGAGCCATACAGTCTC,89,57.43589743589743
GGCCCTCACCCACTTA,104,65.64102564102564
CGAACGGCCGGACAAC,112,49.230769230769226
GACCGTGCTGACGGTG,75,60.71794871794872
AAACTTGCAAACGTAT,108,52.51282051282051
AGTTCCTACAGAATTA,77,77.12820512820514
TATCCTATCAACTGGT,68,13.128205128205124
GAAGGAGTCGAGTGCG,67,18.051282051282055
GGGCAACCGCACGTGC,108,36.1025641025641
GTCTATTGGTTCCGGT,37,44.30769230769231
CTTGAGTTAGGGTAAT,34,62.358974358974365
CTCAGAGCTAATGTCG,68,6.564102564102569
CACTCCTATGTAAGAT,91,34.46153846153847
GCCGCATTAGTCCGGC,110,68.92307692307692
CTCGGTTGTCGGCCCT,101,34.46153846153847
ATTTGCGCGAGTAGCT,96,39.38461538461539
CCAATGTCACAGCAAG,78,65.64102564102564
TGCCAAAGTCAGACTT,108,55.7948717948718
GACGGTCAATAGAAGC,27,77.12820512820514
GGTGTAGGTAAGTAAA,77,11.487179487179487
TGGCAAACTAAATTAC,49,44.30769230769231
ACGCTAGTGATACACT,27,80.41025641025641
CGCCTTTAGCATGCTC,10,52.51282051282051
TCAACGCAGGAAATAA,96,45.94871794871794
ATACGCCGGCGAAACC,49,60.71794871794872
TACCGAATAATTGTAA,34,16.41025641025641
CGTTGTTTCAATTCCC,87,70.56410256410257
GCCGCACTCCGTTTCA,6,55.7948717948718
GAAGCCACTGATTATG,58,19.692307692307693
TCTGAACTCGTACCCG,32,49.230769230769226
AAACAGTGTTCCTGGG,84,6.564102564102569
CTCCCTCCTTTCGATC,104,42.66666666666667
TACCAGAAGTAGGTTC,76,45.94871794871794
AGCCAAGCTTTGTGTC,69,21.33333333333333
CTGGCATCCGAATGAG,101,47.58974358974359
CGGTCCGTCGCAAGCC,76,22.974358974358974
AATTGCAGCAATCGAC,25,21.33333333333333
GGGTTTAGGATAGGAT,20,55.7948717948718
CCTAAATTGTATCCTA,13,41.02564102564102
ATCCTACCTAAGCTCT,79,54.15384615384616
TGTTTGAGATCGTCAG,12,45.94871794871794
AAGTGCGTTAGAATCT,100,45.94871794871794
GATATGAGACACTAAC,46,62.358974358974365
AGAAGGTTGCCGAATT,83,57.43589743589743
AGAGCCGCCGAGATTT,15,31.179487179487182
GGGAAGGGCTTTCTCA,40,22.974358974358974
CCTGAATATTTACATA,56,88.61538461538461
AGCCCATACATGTAAG,101,57.43589743589743
AGGCAGATGCGTAAAC,41,83.6923076923077
AAGAGGCATGGATCGC,47,67.28205128205128
AGGACGACCCATTAGA,82,55.7948717948718
CTAATTCGCACGCGCT,93,80.41025641025641
CTCTATTTGGCTGCAG,59,47.58974358974359
ACTATTTCCGGGCCCA,86,29.538461538461533
GTGAGCGTGCTGCACT,102,72.2051282051282
GTGGTTTCCGCCTTTC,95,57.43589743589743
AGCTAACAAGCAATGT,94,26.256410256410263
CACACGCGCTGTCTTA,38,72.2051282051282
GGGCTCATCGAACCCA,38,85.33333333333334
GTTGAGTCCCGCCGGT,49,41.02564102564102
CTCAAACCACTGCCCG,87,21.33333333333333
CGTTCAGACCCGCGAA,66,19.692307692307693
TTGATTAGCTGTTTCT,93,47.58974358974359
AACAATACATTGTCGA,90,26.256410256410263
ATTATCGGAATGTACG,70,13.128205128205124
CAGAATAACACACGGA,16,36.1025641025641
CCTTCAGTTAAAGTGA,80,26.256410256410263
TGCAGGATCGGCAAAG,53,86.97435897435898
ACGGGAGTGTCGGCCC,102,49.230769230769226
CGAACCCGCATGCGTC,78,45.94871794871794
TTCCGGTTACCCACTT,40,52.51282051282051
GGTACAAACATGCTAT,73,60.71794871794872
GACTGCTGGTGAGAAA,88,16.41025641025641
CGGAGTTTGAGAGACA,93,77.12820512820514
AAGTGCTTCTCTATTG,90,13.128205128205124
GAGGAATATCTCTTTG,82,9.84615384615384
CTAGTGAAGGACAGGA,89,70.56410256410257
GACTCGCGGGAATGAC,31,80.41025641025641
AGTCTCACAAGACTAC,97,37.74358974358974
GGCGCATGAATTGATG,73,57.43589743589743
GTTTGGGCTTGTGAGC,62,42.66666666666667
CATAGAGGAGATACTA,40,13.128205128205124
GATCATTCCAAACATT,71,77.12820512820514
GAAGTTTCCACTCAAT,81,67.28205128205128
CATATGTCAGGCTACG,103,47.58974358974359
AATATTGGAGTATTGA,105,67.28205128205128
CCATATGGAAACTATA,24,39.38461538461539
TACCAATAAAGTACCA,44,36.1025641025641
AGTCAACACCACCATC,80,59.07692307692308
AAGAGGATGTACGCGA,98,62.358974358974365
ACCACCAATGTAACAA,20,59.07692307692308
TTCGCACTGTACGACA,68,26.256410256410263
GATAGAACCCGCTAGG,71,11.487179487179487
AAACCTCATGAAGTTG,108,65.64102564102564
CGTTCATGGTGCGCGT,107,47.58974358974359
TTCGACAGAGCCCGTG,59,41.02564102564102
GTACGAGATTGCGACA,70,91.8974358974359
CGAGTTCTGTCCCACC,42,82.05128205128204
CGCTCTCCGTAGATTA,90,72.2051282051282
CACTCAAGAGCTATGG,70,62.358974358974365
CCGCTCCAGGGCGATC,58,9.84615384615384
GAGGGTAGTAACAAAG,96,22.974358974358974
CTTATGCGCTCAGGGC,116,55.7948717948718
TAGATTCCTGGTTATT,107,73.84615384615384
TAACCTAGGGAGTCCA,21,27.897435897435894
CCCGAAGTTTCGCGAA,116,52.51282051282051
GAGATCTGCTTGGCAT,83,70.56410256410257
CGGACCTTTACGTCCC,56,9.84615384615384
CTGGGATAAATAATGG,43,64.0
TAGCGTCCCTCGATTG,18,52.51282051282051
TTGAGAAGTTTAGCAT,40,36.1025641025641
AGGCTTCCCGAAGAAG,85,44.30769230769231
GCCCGCGCGTAAACGG,86,45.94871794871794
AACGTGCGAAAGTCTC,53,67.28205128205128
GGTGCTGGTACACATT,81,57.43589743589743
ACCCGGTTACACTTCC,79,57.43589743589743
CACCAGTCAGCATGCA,105,27.897435897435894
GTGACCGCACACTACG,36,62.358974358974365
ATCAGTAGGCAGGGAT,40,88.61538461538461
TTGACTACCATATGGT,86,55.7948717948718
GCAGTGTGGCTATAGG,44,29.538461538461533
GGTAGGCCAATATCAC,73,4.92307692307692
TCACGGTCATCGCACA,82,88.61538461538461
CGGTGCAGATAGAACG,91,57.43589743589743
GTTAGGCTACCCGTTT,113,37.74358974358974
TTGTTTCATTAGTCTA,97,27.897435897435894
CCTCTATCGATTAGCA,101,41.02564102564102
GATTAACCGAAAGCCC,34,36.1025641025641
TGTGGCGGGCTTCTGG,68,19.692307692307693
TCAGCAGTAGGCCCTG,86,26.256410256410263
TATATATCGAGAAATG,99,27.897435897435894
CGATCTGTTGGAGGAC,103,50.87179487179488
CAATACGAGAGTCTGA,7,54.15384615384616
AGACTGTTACCGGGTC,82,22.974358974358974
TCAGTACTGACCCGCG,93,83.6923076923077
TAAGTTGCGACGTAGG,32,39.38461538461539
GTGCCCGTTCGGATTC,42,62.358974358974365
GATCCTAAATCGGGAC,32,82.05128205128204
TGCATGTGACCCATAG,89,14.769230769230774
TTCCCGGCGCCAATAG,115,50.87179487179488
ACACTGATCAAGGTGT,79,41.02564102564102
TTAGAATAAGGGTCGG,82,26.256410256410263
CAGGCCGTTTGGGTGT,84,62.358974358974365
CGAGGGTATCCAGGTG,67,21.33333333333333
GCGCTAATTGAATAGA,57,70.56410256410257
GCTCTATGTTACGTGC,87,83.6923076923077
TATTCCGAGCTGTTAT,41,37.74358974358974
CTAACCGCGCGCCCGT,92,65.64102564102564
CCGTTCCGAATCTCGG,105,60.71794871794872
GCAGACCCAGCACGTA,24,62.358974358974365
CACAGCTAGGGAGTGA,67,93.53846153846156
TTGACAGGAGCTCCCG,28,49.230769230769226
GCTACTATAGTAGAGT,33,44.30769230769231
ATGCTTAGGAGTTGAT,15,34.46153846153847
ATTCGTGCTATCTCTT,17,57.43589743589743
ATCAAGATCCCAGGAC,69,8.205128205128204
ACCGCGGTGGAAGTCG,21,54.15384615384616
AGCTCCATATATGTTC,18,32.82051282051282
GCACGCCGATTCCCGC,51,8.205128205128204
TCCCAGGCTTAGCTAA,79,77.12820512820514
TGCCAGTACGTGGAGA,56,42.66666666666667
GACAACGCAGCTTACG,73,93.53846153846156
TTCCGGTATCTGTGTC,12,59.07692307692308
TAGAATAGCCGATGAA,27,24.615384615384613
AATCGCGCAGAGGACT,13,57.43589743589743
CCAACCTTATGTAACT,86,16.41025641025641
GGAAAGGGAATTGAGC,54,6.564102564102569
GCTTCCGTCCCTAGAC,50,78.76923076923077
AGTATACACAGCGACA,79,21.33333333333333
GGGACAGAGTTACTCC,108,32.82051282051282
GAGATGGCTTTAATCA,51,11.487179487179487
TCATCGATGGTCCCAA,98,32.82051282051282
CATAAGCTCTCCGTCT,113,57.43589743589743
AATTCCAAGCATGTAC,69,18.051282051282055
CTGCAGAGAATCAGAG,26,26.256410256410263
GAGATCTTCCATGACA,50,52.51282051282051
AGGTAGATCGAGATAT,92,22.974358974358974
GTTCAGTCGCCAAATG,67,11.487179487179487
ATGCGACAGTCCCATT,56,68.92307692307692
GTGCCATCACACGGTG,93,57.43589743589743
TGCGCAAAGCATTTGG,60,75.48717948717949
CGGCCAGAGCGACCAT,78,16.41025641025641
GCGGCAAAGTATTGCC,100,29.538461538461533
AGCTAAGTACGCAGGC,41,21.33333333333333
GGCCTGCTCTGATGTT,63,8.205128205128204
CAAACCCTCCGGCGGG,57,11.487179487179487
TGGTAGAATATATGGG,27,47.58974358974359
GTTTGGCCCAAGTTAT,47,57.43589743589743
ACCCGAGCGAAATTAC,98,26.256410256410263
CCTCTCTCCCATCTAG,91,70.56410256410257
GCATTTCCAAGGCTCC,16,72.2051282051282
CCTGGTCGAATGTGGG,58,29.538461538461533
GCACACAGCTATTACC,57,8.205128205128204
GTTTGGTGATCGGTGC,89,18.051282051282055
ACATGGCGCCAAAGTA,23,60.71794871794872
ATCTTGACCTGCAACG,83,83.6923076923077
TAGGCTAAAGTGGCAC,28,19.692307692307693
TAGCGTCCGGTGTGGT,50,39.38461538461539
CGCTATTCTTAGGCTC,67,64.0
CTATGTGAGTCACGGC,110,52.51282051282051
GCTGAACTCTCCAGGG,7,60.71794871794872
GTTACAATTGGTGACG,94,65.64102564102564
TTGATGTGTAGTCCCG,37,86.97435897435898
TAACATACAATGTGGG,57,64.0
TCGGGAGACAGCGTAC,56,29.538461538461533
ATAAAGGCTCGGTCGT,77,70.56410256410257
GAAATGGCGGTGTTAG,75,77.12820512820514
CTGCGACCTCGCCGAA,54,9.84615384615384
CCTGTCACCCGGGCTC,60,78.76923076923077
AGCACTTAAGGACGCC,92,75.48717948717949
AGTCAAATGATGTGAT,92,16.41025641025641
TACTTTCCGCACGCCA,108,49.230769230769226
TGCTCTTGAGAGTTTG,57,21.33333333333333
GTTAAGGGTGCGATGT,56,26.256410256410263
AGCTGTAACCTCAATC,99,37.74358974358974
ACTCCCTAATGCTAAA,58,32.82051282051282
TTCAATACTCTGAATC,41,64.0
AGACCGGGAAACCCTG,110,59.07692307692308
CTATGCCCGAATGCAA,68,22.974358974358974
AGCCCTGTCGCACCGT,6,59.07692307692308
CTAGATTTACGACGGC,53,57.43589743589743
TACAAGGGCTTCTTTA,33,14.769230769230774
TCGGTCCCGACAATAG,104,32.82051282051282
TCTACCCAATAGAGAG,21,34.46153846153847
GACCTTCCACGTCTAC,53,18.051282051282055
GTAACTGCCCAAGGAG,81,18.051282051282055
ATATCAACCTACAGAG,22,65.64102564102564
TCTAGCATCTTCGATG,84,88.61538461538461
CTAAAGGGAAATAGGA,65,54.15384615384616
GTGAAACGGCGCCACC,39,86.97435897435898
TGCAAGAATGACGTAA,67,77.12820512820514
GTAGACACGCCTGACT,60,22.974358974358974
GACTCACCCACGTGAG,21,64.0
CGATCCTCGCAACATA,87,18.051282051282055
AAGTCAATTGTCGTCA,26,52.51282051282051
TTGTAAGGACCTAAGT,95,50.87179487179488
CAAATCTCTCACAAGG,103,54.15384615384616
GCGCAAATATATTCAA,99,31.179487179487182
CGAAACGCAATTCATG,94,59.07692307692308
GCCTATTCCGATATAG,97,86.97435897435898
ATCAAACACTGTTCCA,20,49.230769230769226
CTTCTGGGCGTACCTA,93,18.051282051282055
CGTTTCGCTCATTACA,78,68.92307692307692
CGCAATTCTACAATAA,99,83.6923076923077
CGTGACCAGTCCTCTG,72,22.974358974358974
CTGGTAACACATAGAA,39,57.43589743589743
GGTCTTGAGCGCTCTT,62,19.692307692307693
ATGCGAGTCCCACCAC,23,47.58974358974359
GGAAACTAAATGGGCC,25,27.897435897435894
CTAGTTGGGCCCGGTA,59,83.6923076923077
TATTTGTTACCCTTTA,81,86.97435897435898
AGTATGCTGGAGACCA,101,31.179487179487182
TATGGGTACGTATCGT,69,73.84615384615384
CGCCAAGAAGCCGAGT,110,62.358974358974365
CTTCTATTAATGCTAG,80,42.66666666666667
TTGTGGTGGTACTAAG,32,22.974358974358974
TGATACATTTAGCCGT,84,36.1025641025641
ATACTAGCATGACCCT,66,91.8974358974359
AGGGCGAGCAGCTGAT,107,54.15384615384616
TAAGGCCCGTCACCCT,57,24.615384615384613
TAAAGCGGTATTTCCA,78,22.974358974358974
CTAGGCGCCCTATCAG,36,42.66666666666667
GTGAGATAACCTTATA,86,13.128205128205124
GCAGCCTATATCACAT,14,68.92307692307692
GCGCAAGAGCGCGCTG,27,60.71794871794872
CCATTAGCGATAATCC,85,73.84615384615384
ATACTGCCTTACACCG,43,31.179487179487182
TCCCTGGCGTATTAAC,109,31.179487179487182
GCGCGTCATTGGTACA,44,32.82051282051282
TTCAAAGTCTCTAGCC,52,68.92307692307692
AGATCTCAGGTGTGAT,52,78.76923076923077
AGCTTGATCTTAACTT,104,59.07692307692308
AAATTACCTATCGATG,33,83.6923076923077
GGATTGCTGTGACTCC,43,27.897435897435894
CAAAGATTATTGGGCC,97,34.46153846153847
ACAGGCACGGATCCTT,32,13.128205128205124
GGGATTTACCGCACCT,37,57.43589743589743
TAGGCATGTTACGCCA,42,88.61538461538461
CATGTCTCATTTATGG,42,45.94871794871794
CTACGCACGGAGTACC,70,68.92307692307692
GTCTCCGCCTCAATAC,66,9.84615384615384
AAAGTCGACCCTCAGT,112,65.64102564102564
TATCCAATTGGTTATC,48,36.1025641025641
AGCTCCTTCGCACATC,41,41.02564102564102
GAACGCGGGTCACACG,13,47.58974358974359
AAACATTTCCCGGATT,30,26.256410256410263
GGCGCAGGACATCTTC,100,65.64102564102564
CATGCGTTGAGAGGAG,81,8.205128205128204
AACTACCCGTTTGTCA,14,49.230769230769226
TAGTAGCTTATACCAG,84,26.256410256410263
CGTGGTACCCAAAGGC,85,18.051282051282055
GCTCTTTCCGCTAGTG,73,21.33333333333333
AATCTGCGTTGGGACG,35,73.84615384615384
CGCTGTGTGGATGTTG,84,29.538461538461533
AGGCCTGAGAATCTCG,39,24.615384615384613
AATGACTGTCAGCCGG,80,88.61538461538461
GAGCCAGCTACCTGTG,38,39.38461538461539
ATCAGACGGCACGCCG,85,54.15384615384616
CTACTCTAGGCCCGGC,102,75.48717948717949
ACGAGGATACCACTCT,109,44.30769230769231
GGGCCGGCCGAAGTAC,43,67.28205128205128
GAGCACCTGTGTCCAG,47,31.179487179487182
TGCGTCATGACTGAGC,106,39.38461538461539
ATGCTCTGGCGCGGTA,51,27.897435897435894
TGGTTCGTAGCAAAGG,72,88.61538461538461
GTGAACTCCCATTCGA,23,77.12820512820514
ATCTAGCTTGTGAGGG,62,16.41025641025641
CATCCTCTCAAAGATC,35,37.74358974358974
TGCTGTTGAAGAACTC,61,64.0
AATTAGCGCTGCAGCG,64,42.66666666666667
GTTCGGATCGGGAACA,17,54.15384615384616
CAGCGATTCCCTTCAA,84,39.38461538461539
GCGAGCGCATGCTCCC,18,65.64102564102564
TGATGTCAATTAAGTG,24,29.538461538461533
AAATGGCCCGTGCCCT,110,45.94871794871794
CCAGCCTGGACCAATA,62,65.64102564102564
TAATACTAGAACAGAC,50,13.128205128205124
GGTCGGTCGTCCACAG,75,34.46153846153847
AGCAACCGAAAGTAAT,107,34.46153846153847
ATAAGGTGGAGAACAT,55,44.30769230769231
TTCAGCCCTGGTCCAC,42,49.230769230769226
ATACGAGGTTTGTAAG,78,3.2820512820512846
CTTCATTGTCAGTGGA,67,67.28205128205128
AAACGAGACGGTTGAT,48,68.92307692307692
AAGGATCGATCGCTTG,18,62.358974358974365
AGATGACTCGCCCACG,72,91.8974358974359
CGTGCCCTCCCGAAGA,50,55.7948717948718
GTCCATTACTGCTACG,21,57.43589743589743
CCGTAAGTTGGTCCCA,50,72.2051282051282
ATCCAATGGAGGGTCC,100,55.7948717948718
AACAGCTGTGTGGCAA,96,29.538461538461533
GAGCTAAGGGCATATC,44,78.76923076923077
CTAGATGTGAGTGTAA,24,72.2051282051282
CAGAACTTAGCCCTCT,42,39.38461538461539
TTGTGGTAGGAGGGAT,99,44.30769230769231
CGCCTGGCCTACGTAA,100,59.07692307692308
GGGCATGCATGTCGAG,72,6.564102564102569
CAATTTCGTATAAGGG,64,65.64102564102564
AATGACAGCAATGTCT,97,47.58974358974359
ATCTGCACCTCTGCGA,26,78.76923076923077
ACCCGGAAACTCCCAG,62,32.82051282051282
TCCTCCTAAGACATTC,106,49.230769230769226
CACCTTGGCGCCTTTG,24,55.7948717948718
TCTCCCTGGGCAGCGT,47,37.74358974358974
TAGATTCAAAGTGCGG,88,13.128205128205124
ATTACCACACTGCCTG,9,47.58974358974359
GGTAGACCGTTGGGCG,74,39.38461538461539
AGGATATAGGGATTTA,31,50.87179487179488
ACTTATTAGGATCGGT,75,64.0
ATTCATCGTTGAGGCA,38,26.256410256410263
ACACCTTAAGTAGGGC,84,85.33333333333334
CTTAGCCTTCCACATG,49,90.25641025641023
GGTCTCTGAATGGACT,93,41.02564102564102
GACCCAATTATGATAC,107,37.74358974358974
ACGTAGGAGAGTCGCT,55,11.487179487179487
CATACCCGTACCCAGT,96,65.64102564102564
AAGTTCACTCCAAGCT,42,32.82051282051282
ACTACCAGCTCTCTGG,86,85.33333333333334
CTGGTTTCGAGCAAGA,39,50.87179487179488
TTGACCAGGAACAACT,47,21.33333333333333
GCAAACCCTACATTAT,45,47.58974358974359
CGTGGCCGAATATCTA,26,49.230769230769226
ACCGTGACCACGTGGG,88,26.256410256410263
CCGGGCTGCTCCATAC,41,67.28205128205128
CGCTTATTCCCGGTCG,97,57.43589743589743
GTGGGAAGACTGAATC,112,52.51282051282051
CCTGTCCCTCACGTTA,13,67.28205128205128
TTATTAGAGCGTGTTC,57,50.87179487179488
CTAGGTTCGGACGTGA,57,31.179487179487182
GTTCGGGCGTACCATT,19,73.84615384615384
TAACATACACGCGATC,102,36.1025641025641
GGGAGTTAATGAGGCG,52,72.2051282051282
TACTTGTTAGTAGTCC,40,65.64102564102564
GGCATACAGGTAGCGG,95,70.56410256410257
TTGAGAGTACTGCTAA,89,54.15384615384616
AGTACAGAAGCTTATA,50,9.84615384615384
GTGGACCAACCCGATT,98,52.51282051282051
AGCATATCAATATGCT,32,42.66666666666667
CCTGCTATTTGAGAAG,77,83.6923076923077
ACCCGATTGGTTCCGA,92,13.128205128205124
CACGTCGGCAACCTCT,90,45.94871794871794
CCTTCGTATAGAATCC,66,13.128205128205124
AATCGCCTCAGCGCCA,48,62.358974358974365
ACTTCCATGCGGGACA,42,26.256410256410263
GCTATCATACTCATGG,49,37.74358974358974
AAACTCGGTTCGCAAT,57,18.051282051282055
GTATCAAGGTACTTCC,55,8.205128205128204
CCCGTAAGTCTAGGCC,99,60.71794871794872
TTCTTGCTAGCATCTC,17,60.71794871794872
CATACTTAGGCAATAC,14,65.64102564102564
GTCCAATATTTAGCCT,74,19.692307692307693
TTACATGCCACAACTA,24,59.07692307692308
GACTGCACCAGCCCAG,47,50.87179487179488
TCAACATCGACCGAGA,111,54.15384615384616
GACCAAACGTTGACTG,19,31.179487179487182
CTTAGTTGAGGAATCG,94,16.41025641025641
GTCGTTATTCGCTTAT,51,50.87179487179488
AAATACCTATAAGCAT,58,49.230769230769226
ACTTCAGGCTGATCCC,46,42.66666666666667
GCGGAGAGGGAGAACG,49,50.87179487179488
CCGCACGTGACCTCGG,101,80.41025641025641
CCCAATGAGATTTGCA,87,27.897435897435894
CATTATGCTTGTTGTG,75,83.6923076923077
ACAAATCGCACCGAAT,45,44.30769230769231
TCTTACGGCATCCGAC,98,85.33333333333334
TCTTAGAGTGAACTCT,28,55.7948717948718
AGCGACAGGAACGGTC,90,42.66666666666667
GAGCGGAATGCGGTGT,79,14.769230769230774
GATACGATGGGAGTCA,82,52.51282051282051
TAGTCGATCACGGGTT,31,47.58974358974359
AGAAGTGATTCGTGAT,99,47.58974358974359
TAGAGATCATGCAACT,101,54.15384615384616
GTGGTATAGTCTGCCG,86,32.82051282051282
CGGATCCTCAAGGACT,47,27.897435897435894
TTCGCACTCGCGTGCT,82,85.33333333333334
TCGGCGAACCCAAACC,22,45.94871794871794
CCTAAATTAACGGTTC,59,57.43589743589743
TTGTTTCCATACAACT,100,52.51282051282051
AGGCTATGGTTAGCTT,97,83.6923076923077
GAACAACTGGGATGAA,42,16.41025641025641
GAACTGTGGAGAGACA,61,14.769230769230774
CGAGAGCTTTCACTAC,39,21.33333333333333
AGGTCAGGTGAGAGTG,107,50.87179487179488
TCAACGCGACCGGCAG,104,62.358974358974365
GATGTTCAATCCACGA,84,59.07692307692308
CGCATGCCGAATGCGT,38,16.41025641025641
TACTATGGTTCCTCAG,80,32.82051282051282
AAGATTGGCGGAACGT,37,83.6923076923077
TACCAGGAATCCCGTC,91,14.769230769230774
CTACTATCATAGGTTT,102,39.38461538461539
CCTACTGCTTACACTT,78,82.05128205128204
TAAAGACAACCCTTTA,9,60.71794871794872
GCTGCTACTGCGTAGC,52,42.66666666666667
GGATCCGGAATATACT,45,70.56410256410257
TATCTTGCAATACAAC,111,34.46153846153847
CGCGCAAATGTCCAGA,103,34.46153846153847
CTACTGCCACCTGACC,64,82.05128205128204
CGGCAATAAGATCGCC,19,37.74358974358974
CCGTAGGAAATCCCTG,31,27.897435897435894
ACCTAATCGACTTCCT,97,73.84615384615384
GGATTAATCATGGACC,52,9.84615384615384
AAATAGGGTGCTATTG,48,39.38461538461539
TACTGAACAGATTTAG,83,34.46153846153847
AAGCTAGATCGAGTAA,59,44.30769230769231
TCGCTGCCAATGCTGT,47,14.769230769230774
CCGGGTTCGAGGTTAC,95,64.0
CTTCGTAGATAGGTGA,82,62.358974358974365
GCTTGATGATAATCAG,91,90.25641025641023
TTAAGATAGGATTGAC,26,55.7948717948718
GGCAAATTACTTTACT,74,59.07692307692308
ACAATGAATACGGAGA,96,32.82051282051282
TGGCCGTATATTGACC,89,83.6923076923077
GCGTAAATGGCCATAA,25,70.56410256410257
GGCACTCCACTGGGCA,81,70.56410256410257
TATAGGGTACTCATGA,107,67.28205128205128
GACATCCGTCGAACTG,56,19.692307692307693
AGATAACTTCAGGGCC,83,73.84615384615384
TGATCAGGGAACTGCT,103,57.43589743589743
AAACGGGCGTACGGGT,36,19.692307692307693
TCCGCTTATCCCATTA,63,44.30769230769231
TTGCTGAAGGAACCAC,70,95.17948717948718
TCCAACTCAGCTATCT,36,16.41025641025641
CCGCGGGTACGAAGAA,101,73.84615384615384
GATTTGCGCTAACACC,76,3.2820512820512846
GAAACAGATGACCACC,35,60.71794871794872
GTACGCTTCATTGCAC,55,50.87179487179488
CAAGTAAGTGATAGAC,74,13.128205128205124
CCTAGGCGTAGCGATC,39,67.28205128205128
CAGTGAATAAATGACT,44,85.33333333333334
TCCCAAAGCCCTAAAT,10,62.358974358974365
AAATTGATAGTCCTTT,96,36.1025641025641
CATAGCGTTGCCCACC,85,37.74358974358974
TCCGACCGCTAATCAA,91,11.487179487179487
CTTTAGGAACACTGTT,40,59.07692307692308
GCGTCGCCAGGGTGAT,65,37.74358974358974
AAGTAGTGACGCGAGG,96,72.2051282051282
GAACCCTCTGTGTTCT,60,29.538461538461533
GGGAACGGTTTCAGAT,95,21.33333333333333
TAAGGCTGAATCCCTC,30,52.51282051282051
TTGGGACGTAAGAGTT,18,42.66666666666667
GCAAACCTTGGCCATA,60,32.82051282051282
CCATCTCACCAGTGAA,29,64.0
TTCTGACCGGGCTCAA,43,41.02564102564102
GCCTAGCGATCTGACC,85,93.53846153846156
ATACGGGTTTCGATTG,45,90.25641025641023
GTATGAAATTTCACTC,105,41.02564102564102
AAGTGCCTTGACTGTA,23,54.15384615384616
TCCTCTACGAGATGGC,95,83.6923076923077
GGGCTGGTTAGTCGCG,76,75.48717948717949
CGCGGCTCAACTTGAA,30,55.7948717948718
TCGAATATCCCGCAGG,95,31.179487179487182
TGAGTTAAAGACATTC,15,47.58974358974359
ACTCCAATATCATCAT,98,22.974358974358974
ACTGTCTTCTTTAGAA,63,77.12820512820514
TCGGCTTGTATCGACG,31,31.179487179487182
GAAACTCGTGCGATGC,103,80.41025641025641
GAGACTTCGCGACCGA,70,39.38461538461539
GTGGAGTCGGCGGTTG,89,37.74358974358974
ACCGACACATCTCCCA,60,26.256410256410263
TCGGACGCCCAGCCCA,48,72.2051282051282
TACGCAGTTCTTTCCT,76,59.07692307692308
TTCAGTTCAAGAGGAG,89,8.205128205128204
ATATCTTAGGGCCTTC,66,68.92307692307692
CAGCTGGCGTAACCGT,105,47.58974358974359
GGCCGTTTGGGTTTCA,82,29.538461538461533
TTAGTAGGGCGGCGGG,101,70.56410256410257
ACTCCCATTCCTAAAG,110,49.230769230769226
TCTAGCATGCCCAGAA,61,47.58974358974359
AAACCCGAACGAAATC,12,52.51282051282051
TGTTCCGGCCTGAGCT,61,11.487179487179487
GGGTACTTCATGAACT,88,65.64102564102564
ACGGCGACGATGGGAA,50,45.94871794871794
TGCAACCCATCTGCGG,37,27.897435897435894
TGGCAAGCACAAGTCG,71,18.051282051282055
ACCATATCCGCAATAA,71,64.0
TATAAATCCACAAGCT,83,93.53846153846156
TTCTGCGGGTTAGCGG,47,60.71794871794872
GCGGGCGAGCCTTACC,76,36.1025641025641
TATGGGACCGAGCAGG,71,67.28205128205128
CTTAGTGTAGTAGCAT,44,26.256410256410263
CGAAGTTGCTCTGTGT,92,72.2051282051282
CATGGATTGTCTTCCG,26,36.1025641025641
AATTAACGGATTTCCA,61,31.179487179487182
TTGCCATAGCCCGCTC,103,37.74358974358974
GTTAACTATGTTGTCA,16,55.7948717948718
TCTCGACGTATCGCCG,14,52.51282051282051
CTATAGGCGTTGATGT,89,24.615384615384613
AGCCGTGGCTAAATGT,105,44.30769230769231
TGCAAAGTTCGTCTGT,68,9.84615384615384
TCTTGCTCCCGATACT,60,19.692307692307693
TACGTACTAGTGCTGA,85,24.615384615384613
TCGAAATTTAGGACCA,82,78.76923076923077
CGAATGACGCATAATG,70,22.974358974358974
CAGCTCGACAAGTTAA,37,80.41025641025641
AGTCGGCTCAACTTTA,104,49.230769230769226
TACATCCCTATCCCTG,113,54.15384615384616
AGTGCGTAGCTCGTAA,85,50.87179487179488
TCCTAAATTGGGAAGC,57,34.46153846153847
TAACTATCGAAGGTCC,93,86.97435897435898
ACCCTATGCCATATCG,87,34.46153846153847
TCCAACTTTAAATTCT,87,60.71794871794872
CTTGCAACCGCCTCCT,102,55.7948717948718
AGGCCCTAGAACGCCA,102,52.51282051282051
TCTTACTTATGCCTCT,34,52.51282051282051
CGTTAAACTAGTTAGG,16,45.94871794871794
TTCTAGGCCAATTGTG,83,90.25641025641023
AAGGAGCGGTTGGTGC,79,80.41025641025641
CAGGCGCACGGTGGTC,99,34.46153846153847
AGTGCACGCTTAAGAA,31,41.02564102564102
ATGCACTACCGCATTG,82,82.05128205128204
CCGCCGTTGAGGATAA,8,52.51282051282051
ACTCAAGTGCAAGGCT,41,27.897435897435894
TACCTTAAGATTTCCC,98,45.94871794871794
CATCTTACACCACCTC,28,65.64102564102564
GTTAGCCCATGACATC,52,16.41025641025641
GACGAGGCTAATAAAC,27,34.46153846153847
CGCAGGCGATCCAAAC,25,41.02564102564102
CGTTGAATACCGCGCT,50,32.82051282051282
CCCTTTGACAGGTCTT,71,44.30769230769231
GGGATGGTCGTAACCG,84,49.230769230769226
TCGAGACCAACACCGT,72,65.64102564102564
CTAAATCCTATTCCGG,43,83.6923076923077
CCTTCTCAGCGTTCCT,112,55.7948717948718
TTGCCAAGCAGAACCC,13,54.15384615384616
AGCACTACCTCACCAG,46,39.38461538461539
CTTTAATATTGGTCGA,54,42.66666666666667
TCACAGCAAACTCGAA,78,42.66666666666667
TAGCTAGTGATGATGG,79,27.897435897435894
GCGACCCAACCATCTG,94,29.538461538461533
TTCCAGACGAGATTTA,16,62.358974358974365
CACAATGAGCTGCTAT,77,57.43589743589743
ACGATGCATATGTTAT,84,65.64102564102564
GGACTCGTGAGTGGTC,89,21.33333333333333
TCTAGCAATCTCCGCC,97,50.87179487179488
CTAAATCCGGTGTACA,92,26.256410256410263
GCCGGGTTAGGGTCGC,68,59.07692307692308
CGATAGTCGTACTGCA,39,18.051282051282055
AATAGAACAGAGTGGC,81,41.02564102564102
CTACAAGAAATAACCC,87,31.179487179487182
CTGTCAAATGGCTCGG,44,88.61538461538461
CAGTTCAAATTGACAC,76,78.76923076923077
TTAACCAACCCTCCCT,72,95.17948717948718
TGTAGCCAATTCCGTT,46,9.84615384615384
GCCACAATTTAAGGAC,88,52.51282051282051
ATACCTAACCAAGAAA,63,31.179487179487182
TAGTCCCGGAGACCAC,79,18.051282051282055
TCGGAGAGTATCGGGA,104,52.51282051282051
ATGCATGATCCAGGAT,62,85.33333333333334
ACACATTTCCGTAGAC,60,6.564102564102569
TATGCTCCCTACTTAC,66,85.33333333333334
CTCTACATCCTGCGTG,61,8.205128205128204
TGAGAGATTTACCACG,36,59.07692307692308
CTCCGGCCTAATATGC,68,95.17948717948718
ACAAGGGCAGGCTCTG,51,54.15384615384616
GACTAAGTAGGCTCAC,84,82.05128205128204
TTGTGAACCTAATCCG,37,34.46153846153847
TCCTTGTCCTTTAATT,58,13.128205128205124
TCTGATGTATTCTGTC,44,42.66666666666667
CACACACGCTAACGAG,24,36.1025641025641
TAGAGGTTCTACTTGT,31,37.74358974358974
CGCACGTGCGCTATCA,28,62.358974358974365
TACAAGTCTCGTGCAT,100,75.48717948717949
GGGAACGGGAGGTTAG,90,62.358974358974365
AGCGACCAACGATATT,72,85.33333333333334
ACCGATGGTAGCATCG,35,67.28205128205128
CGCGAAGTGGCATACT,31,21.33333333333333
AGTGATATGAGTAGTT,78,52.51282051282051
GGCTACTATACACTCC,83,21.33333333333333
TGTGGCTCCCACCAAC,9,54.15384615384616
TGTCCTAAGTCACCGC,97,70.56410256410257
CCTATACCGTCCTGTC,82,36.1025641025641
GTCATGCGCGAGGGCT,29,21.33333333333333
TGGACCAATCTAAGAT,47,24.615384615384613
CAATATTCTTGACCTA,87,37.74358974358974
CAGTACCAGTTTACGT,109,47.58974358974359
CGCTAGAGACCGCTGC,26,62.358974358974365
TCCGCGGCAGCATCTG,43,70.56410256410257
TGAGCGGAAAGTGTTC,62,36.1025641025641
GGATGACGCGAGTTTA,82,65.64102564102564
TCCGATTACATTGCCG,95,73.84615384615384
TGGGCGATACAATAAG,65,14.769230769230774
ATGAGGAGTGTTAATC,92,85.33333333333334
GTTCATCGTTTGGCTG,22,72.2051282051282
TTGTTCAGTGTGCTAC,63,86.97435897435898
GAGTAAACCGGAAAGT,10,42.66666666666667
TATATCCCTGGGAGGA,29,67.28205128205128
CAAGGCCAGTGGTGCA,27,18.051282051282055
CCTGTCGCCCGTAAAT,65,67.28205128205128
TCGCACCAGGAGGCAG,47,44.30769230769231
GAACACACATCAACCA,77,90.25641025641023
TATCGATGATTAAACG,78,88.61538461538461
TTGACATGAACGTGGA,95,54.15384615384616
CCTATGGGTTACCGTC,58,78.76923076923077
TGCTCCACAGTTCTTA,32,52.51282051282051
GGGCGTACATTTATAT,73,86.97435897435898
CTGCCATGCATCACAT,65,60.71794871794872
CGTGTCCCATTCGCGA,87,80.41025641025641
GCCTACGTTCTGTGCA,45,14.769230769230774
GTTTCTAGAGGCGCGG,34,13.128205128205124
GCCGCTTGTGAGAAAC,87,67.28205128205128
GCTACAGTACGGACCG,113,60.71794871794872
GTGTATATCAGCGGGC,51,31.179487179487182
CTGGTAACGAGCTCTT,30,78.76923076923077
CTGTTCACTGCCTGTG,71,90.25641025641023
CTCGTCTGTGCCTTCG,45,11.487179487179487
TTAGCTGATTTGCCGT,33,64.0
CTAAAGAATGCCTACT,91,67.28205128205128
CTCTTGTCCCGCTTGG,69,37.74358974358974
TATTCAATTCTAATCC,53,70.56410256410257
TAGGTCCAAGTAAGGA,104,78.76923076923077
GCGAAGAATCTGACGG,43,18.051282051282055
AGGAAGCTGTCCGCCG,62,26.256410256410263
CCATGGCAAACGCTCA,87,4.92307692307692
GGTGTAAATCGATTGT,62,13.128205128205124
CAGACCTGTAAGTGTT,28,75.48717948717949
CTTGTTGCTGAGTCAA,47,64.0
GCGTCCCTAAGACATA,85,21.33333333333333
TGCAGCTACGTACTTC,111,57.43589743589743
GCTTATGAAGCAGGAA,38,68.92307692307692
AAACAGGGTCTATATT,114,49.230769230769226
AGCAGAAGGAGAAAGA,59,21.33333333333333
GGACTCTTTGACTAAG,44,9.84615384615384
TGCCAATGGGTACTCT,75,37.74358974358974
CCATGGCCCTTGTACC,105,73.84615384615384
CACAGTTCGCTTCCCA,13,37.74358974358974
TGGGTGCACAAGCCAT,42,13.128205128205124
TTGCATGCTGATCACG,92,59.07692307692308
AACCGCTAAGGGATGC,35,50.87179487179488
CAGGATATATCGTTGT,67,54.15384615384616
GTCCGGCTGAATTGCG,75,80.41025641025641
GGTTTGTGACCTGAGG,22,26.256410256410263
GCTGAGGCGTGAGTAT,63,60.71794871794872
AGACGAAGTGCCGGTC,30,45.94871794871794
GTTACTTTGGGCCTAG,76,55.7948717948718
GTTGGATTTGCGTTGG,77,67.28205128205128
CAGCTTAGTAGGTAGC,99,73.84615384615384
ACCACGTGCAGCTATA,51,47.58974358974359
TTGACCGTGTTAATGA,93,44.30769230769231
CCACTGGTGGCTGGTT,106,62.358974358974365
CACACAGGGATAGATT,100,85.33333333333334
CGTCGCATGTGAGCCA,50,19.692307692307693
CCACGAATTTAACCTC,18,59.07692307692308
ATAGAGTTATCAACTT,34,82.05128205128204
CGGAACGTAAACATAG,82,49.230769230769226
GGCTGAAATAGCAAAG,48,45.94871794871794
CCGATTCGAGGGACCC,107,64.0
GTTTACGTTCCATCTG,63,47.58974358974359
GGTGAAGTACAGGGAT,90,49.230769230769226
GCTAGCTTGAATAGCT,83,41.02564102564102
CGGCCACGCACAAAGT,68,68.92307692307692
GAATGTGGTCCGGATT,46,55.7948717948718
TATCGATCTATGCATA,39,90.25641025641023
GATGAGGAACCTTCGG,46,16.41025641025641
CTAGTAGAAAGGGATT,46,22.974358974358974
ATCTGCTGTTATCGCC,70,16.41025641025641
GGGCTATGATCGATGG,76,32.82051282051282
GTCCGGACCTGAAATT,39,37.74358974358974
ACAGGCTTGCCCGACT,40,39.38461538461539
GGTTTCAATCGGTCAG,36,72.2051282051282
GGGCGATATGTGTGAA,69,80.41025641025641
TCCTGCGTTGATACTC,97,64.0
TCAAATTTGAGACTCA,57,27.897435897435894
ATGAAGCCAAGGAGCC,81,90.25641025641023
GGGTATGTATGCACTT,99,80.41025641025641
AAGCGTCCCTCATCGA,92,32.82051282051282
TTACCATTGATTACCC,99,70.56410256410257
TCGTCTTAGGCGTTAA,44,39.38461538461539
ACGTATTACTCCGATC,30,59.07692307692308
ATGTTGTAGTCTGTTT,80,19.692307692307693
GCATGCTAATAACGAT,32,16.41025641025641
GCGACATGTAAACATC,20,65.64102564102564
GAGTATGCGCGTGCAT,56,22.974358974358974
TCAAACAACCGCGTCG,67,86.97435897435898
TTGCACGGAGCAGCAC,68,91.8974358974359
CACTAAAGTTGCCTAT,76,68.92307692307692
CCGCTCTTCCGAACTA,28,22.974358974358974
TAGACTACCTAGCGTT,23,64.0
AGTCGTATAAAGCAGA,46,19.692307692307693
ACGCAAACTAATAGAT,80,22.974358974358974
TCCGTTAAGCTAATAT,27,41.02564102564102
GTCAGAATAGTCTATG,95,77.12820512820514
GTTAAAGTAGGACTGG,44,45.94871794871794
CCGCTTACCTCACTCT,92,49.230769230769226
AGCTCTTTACTCAGTT,82,59.07692307692308
GGCTCGCGTTGAGGTA,34,75.48717948717949
GCAGGACTATAGAATA,90,68.92307692307692
TAGATGGTTCCTTACT,30,29.538461538461533
ACTATCTGCCCGCGTA,14,39.38461538461539
TGCATATGTCTGTCAC,42,68.92307692307692
TGATCACCACACTGAC,76,13.128205128205124
ATTGATGAGTCCTAAC,28,72.2051282051282
ATTATGCCATAGGGAG,74,91.8974358974359
CAAGCGGCACATAATT,55,37.74358974358974
ATATCGTTCCTCGAAC,35,31.179487179487182
ACCCTCCCTTGCTATT,43,47.58974358974359
GGATGCTGGCGTTCCT,108,62.358974358974365
AAGGATGAGGGACCTC,40,82.05128205128204
AGTGAACAAACTTCTC,25,54.15384615384616
GTCAAGCGGACTCGGG,50,62.358974358974365
GCTCTAAACCCTGACG,69,86.97435897435898
CTCTAGCCCTCGGAAA,37,18.051282051282055
CACAGGGCCATATAGT,30,32.82051282051282
CCATTTCTACCTATTA,56,36.1025641025641
CCCGCAGCGCGAACTA,60,45.94871794871794
AAATCCGATACACGCC,40,19.692307692307693
ATAGCAACTAGGGAAG,29,24.615384615384613
ACGAAATGGGCGGCAC,103,73.84615384615384
CACCCGGTTTGTGACT,88,39.38461538461539
TAGTCTTTCCGAATTG,11,44.30769230769231
ATACAGGCCCTCCAAT,55,34.46153846153847
AACGTCAGACTAGTGG,87,86.97435897435898
GCGCGGTCTAGTAACT,67,14.769230769230774
GCCCGATCTGTGGTCG,64,39.38461538461539
AATAACACTAGAACAA,89,41.02564102564102
TCCGCCTGTCTACAAG,53,34.46153846153847
GGCCGGCGTCTGCTAT,48,19.692307692307693
GCGAAGCCATACCCGT,66,75.48717948717949
GATAGTGCGAGTAAGT,83,14.769230769230774
TGCTCGGTGGGTCACC,55,18.051282051282055
GTGGCAAACAGCGGCA,107,44.30769230769231
CCTATATTTGTCCTGG,75,24.615384615384613
CAACGACCCGTTTACA,77,93.53846153846156
TTGCGTGTGTAGGCAT,44,13.128205128205124
ACTTGACTCCCTCTTT,55,57.43589743589743
TCCACAATGGTTTACG,91,77.12820512820514
CGAGAGATGTGAACCT,54,78.76923076923077
TACGCCTCCATTCCGA,68,36.1025641025641
GCGAAACTTAACTGGA,45,54.15384615384616
TTACTCCGGCCGGGAA,49,70.56410256410257
TGCAGATCGTCCTAGG,109,57.43589743589743
ACACAAAGACGGGTGG,71,86.97435897435898
CCTCGCGCTGTGCGAT,68,32.82051282051282
TTCACTCGAGCACCTA,58,36.1025641025641
TTGTGAGGCATGACGC,114,55.7948717948718
CCTGTACTCACGCCCA,103,60.71794871794872
GCAGCACACAGCCCAG,85,64.0
CACATCTCACCGACGA,52,32.82051282051282
ATAGTGAAGCGTTCTC,70,59.07692307692308
CTACTATCTTTCAGAG,34,78.76923076923077
GGTCAAGACTACTTCG,22,39.38461538461539
ATAATCTTGGAGAACC,50,26.256410256410263
TCGGGATTCAAACATA,112,62.358974358974365
AGTTAAACACTTGCGA,83,60.71794871794872
AGGGTCGATGCGAACT,30,65.64102564102564
TGAGTGCCTCTTAAAT,86,52.51282051282051
AACATTGTGACTCGAG,75,21.33333333333333
CGATCCGACCCAGTGC,77,64.0
CCGCATGTGGTACGAT,61,34.46153846153847
GCATAGAGCACTCAGG,68,65.64102564102564
CTCCGCCCACATGAGG,88,55.7948717948718
ATGTGCATCCGACGCA,70,88.61538461538461
TCGCTACTGGCTTTGA,54,19.692307692307693
TACCGTGCCTCGGACC,58,42.66666666666667
GTAGTCGCGGGAATCA,46,45.94871794871794
CGCTGGTGACTACCCT,29,47.58974358974359
TAAAGCGTTAGGAGAA,39,80.41025641025641
CACTTAATCAGACGGA,79,70.56410256410257
AGGTAGGTACAAAGCT,96,68.92307692307692
TGGTGCCCTGCCTTAC,75,4.92307692307692
TCCACATCGTATATTG,60,13.128205128205124
TATTACCATCCTGCTT,31,64.0
CCCGAGTTTCTCCGTA,19,47.58974358974359
ACCCATCTTGAGGGTA,90,65.64102564102564
CTCTCACAATCGATGA,57,73.84615384615384
GAGTATGCCCGCCTTG,84,45.94871794871794
GTCCAGGCACGTGTGC,83,11.487179487179487
AGGTGTATCGCCATGA,110,65.64102564102564
TTGGACATGTGGCTTA,98,59.07692307692308
CATGGGTATGCCTTAT,45,34.46153846153847
TTCCGGCCTTGAGGCT,83,37.74358974358974
ACCTACTATAAATCTA,69,14.769230769230774
CCGGTAATGGCTAGTC,13,64.0
CCGCGTAGGTAAGGGC,105,77.12820512820514
AGACGACGATGCCGCT,94,39.38461538461539
TGACCAAATCTTAAAC,65,18.051282051282055
TACGGAAGCCAAACCA,54,13.128205128205124
GCCTCCGACAATTCAC,29,27.897435897435894
TTGCAAGAAGACTCCT,59,11.487179487179487
AAACGGTTGCGAACTG,68,16.41025641025641
CATTTGAGTGGTACGT,79,44.30769230769231
GGTCGTAAGCTCGCAC,108,45.94871794871794
TTCCACACAGATTTGA,81,44.30769230769231
TCCTTTAAATCCGCTT,35,34.46153846153847
GGATGAAGATCGCTGA,33,57.43589743589743
ACTCCCGAATTCGTTT,23,73.84615384615384
GCAAGAATTCCTTGGC,91,54.15384615384616
GGCTATTAAGTTGTAT,86,72.2051282051282
TCAGGTTCTTTGAGAA,85,77.12820512820514
CACGCAGCGAGGCTTT,84,75.48717948717949
TGAATACCGACGCGTA,45,18.051282051282055
CCAATTGAATGTTAAT,81,93.53846153846156
AGGTTACACCATGCCG,12,55.7948717948718
AGTGAGACTTCCAGTA,40,68.92307692307692
TGTTGTCAAGAAGTCT,45,86.97435897435898
GGAGGCCGAAGTCGTC,11,60.71794871794872
CTACTCAAGGTATAGT,85,27.897435897435894
GAAGTGATTTATCGTG,80,62.358974358974365
GCCCTGAGGATGGGCT,53,14.769230769230774
TCTTCTATAACCCGCC,20,52.51282051282051
CATCATTACCCTGAGG,33,41.02564102564102
ACGTTAGATTTGCCCG,88,62.358974358974365
TAGTCTAACAACGAGA,93,60.71794871794872
TAGCTAGAAGGCATGA,76,42.66666666666667
AAGAGATGAATCGGTA,100,82.05128205128204
CCCAAACATGCTGCTC,39,70.56410256410257
GTCTGGGCGGTCGAGA,83,50.87179487179488
TATGGTCTGAGTAACA,69,67.28205128205128
ACCACAAGTTTCTATC,73,77.12820512820514
TCGAAGAACCGAGCAC,28,52.51282051282051
TGTATGGCGCAGACAG,34,55.7948717948718
CCCTCCTCGCTCGTAT,21,44.30769230769231
CCGAGAAGTCGCATAA,15,50.87179487179488
GTAATAAAGGGCTCCC,24,75.48717948717949
CTGCACAACTACATAT,51,44.30769230769231
TAGAGTCTAAGCGAAC,72,78.76923076923077
GAGCGCGCACGAGTAG,34,45.94871794871794
ACGTTAATGTCGAAGA,58,59.07692307692308
TGATCTCCGGCGCCAG,77,80.41025641025641
GATCTTTGCAGGGTAT,89,67.28205128205128
ACTGAAACGCCGTTAG,34,32.82051282051282
TTGGGAAGACGAGCCG,63,14.769230769230774
TTCAGGCGTCAAAGCC,111,60.71794871794872
TGGCAGCAGTAATAGT,66,62.358974358974365
GTAAGCGGGCAGTCAG,64,88.61538461538461
GAATTTCTCGCTGCAG,97,80.41025641025641
TTCGCGCGCCATACGA,80,29.538461538461533
GGATGTCCTTACCGCA,36,68.92307692307692
CAGGCGCCATGCTAGG,54,45.94871794871794
ACTTTACCCTCATGAA,21,73.84615384615384
TGAATGAGTGTTTCCC,77,18.051282051282055
AACCCGACAACCCGTG,84,16.41025641025641
CATGCCAACTCGCAAA,106,55.7948717948718
GCTAAGTAGTTTCTCT,47,70.56410256410257
TACGTAAAGCGGAGTG,24,22.974358974358974
GATTCGACGGTTCACG,56,59.07692307692308
AACTCCAGAGCGTGTT,35,27.897435897435894
GGGAGAACTCACAGTA,63,73.84615384615384
CCCTATGTAGAGCAGA,103,27.897435897435894
TCCACCTCTAGCCTTT,74,26.256410256410263
ATAGGCGGCTATAGAA,94,55.7948717948718
AAGATGGCACCGGACC,88,29.538461538461533
TCGAGCCAGGCAGGCC,90,32.82051282051282
TGCGACGGCCGAACGT,95,27.897435897435894
TTGATCTAACTTTGTC,80,78.76923076923077
CAATAAACCTTGGCCC,53,83.6923076923077
CGATACCTCGCGGACA,79,60.71794871794872
CGAGTTTATCGGACTG,34,65.64102564102564
GCAGATCCATAAGACT,42,42.66666666666667
CACCGTTGCGCGATAT,98,49.230769230769226
GGGTTAACATTTGAGT,77,37.74358974358974
GTGACGCAGGTTTCAT,52,19.692307692307693
GTTTCCTGGAGGGTGA,78,85.33333333333334
ACAAGCAGTGCCTAGC,101,77.12820512820514
GAATGCGAATCGGTTC,58,22.974358974358974
CGAGTACTAAAGAGGA,92,52.51282051282051
ACATCGGTCAGCCGCG,90,59.07692307692308
CAGATACTAACATAGT,81,83.6923076923077
GGCGTAGGGAAAGCTG,45,21.33333333333333
GCTAGAGTAGAGATGT,31,34.46153846153847
GAAACCGAATTACCTT,76,52.51282051282051
TGCGTTTGTTGACACT,51,57.43589743589743
CACGCGGAACTGTTGC,29,57.43589743589743
CATGACTTCGCTGAAT,21,60.71794871794872
TAGCTAAGTCCGGGAG,70,78.76923076923077
GTAATCTGATTCTTCG,83,44.30769230769231
TTGCTGATCATGTTCG,70,72.2051282051282
TAACAGCGTTTGTGCT,90,22.974358974358974
TCCTACATCCACGGCC,43,50.87179487179488
GGTAGAAGACCGCCTG,56,39.38461538461539
CGTAACTTCGACACTT,77,14.769230769230774
GCGCTATGCCGAGGCA,80,55.7948717948718
GGACACAAGTTTACAC,16,49.230769230769226
GATCTTGGAGGGCATA,57,54.15384615384616
AACAACTGGTAGTTGC,85,80.41025641025641
GCAACAGCAGTATGCG,21,50.87179487179488
GATTACTGAATTTGGG,88,59.07692307692308
GGTTAGGCTTGGAGAA,91,80.41025641025641
CGTCGGATAGTGTTGA,31,70.56410256410257
CATGAGATGCACTCTC,48,29.538461538461533
GCGCCTCCCACTCCGA,17,47.58974358974359
CCATTCCCTGCCCACA,88,72.2051282051282
TTAATTGCTTTGGGTG,51,24.615384615384613
TGCATGTGGTAATCTA,46,78.76923076923077
CTCATGGTAATTTGCG,101,44.30769230769231
GATCCGGGAATTAACA,54,62.358974358974365
ACGTTCGTTCAGGAAA,83,27.897435897435894
GGACTCGACAGCGCAT,81,14.769230769230774
AACGATATGTCAACTG,51,86.97435897435898
AAAGGGATGTAGCAAG,65,86.97435897435898
AAACCTAAGCAGCCGG,44,19.692307692307693
TGCGTAAGAACCTGAT,84,55.7948717948718
TTAGTAAACCTGCTCT,33,24.615384615384613
TGATTCTGTCGCCGGT,83,47.58974358974359
ATATCGGTAGGGAGAT,17,64.0
AGATTATAGGACGTTT,73,67.28205128205128
GTGTCGTATAGCGTTC,51,37.74358974358974
AACTCAAGTTAATTGC,83,64.0
CCTGTAAGACATGATA,86,65.64102564102564
CGTCGTCCTTCGCGAA,51,34.46153846153847
TGAGTGGTCCGTGACG,43,77.12820512820514
ATAGTTCCACCCACTC,25,64.0
ACACCTTACTACTTGC,16,59.07692307692308
GCGGCTTTAGCAAGTT,49,11.487179487179487
TCCTAACCGTCGGGCA,81,24.615384615384613
CCGCACAAAGACCAAC,51,67.28205128205128
TCCGCGGCCCAATGAA,28,39.38461538461539
CTGCTTGGCGATAGCT,52,39.38461538461539
GACGGGTTGGCCCGTA,76,26.256410256410263
ATGTTGATTAGAGACT,35,14.769230769230774
CATGGTCTAGATACCG,61,83.6923076923077
GCTCAATCCGTTTATT,92,39.38461538461539
ATACGTACTTAGCCAC,50,36.1025641025641
TTCTAACCGAAGCTTA,37,70.56410256410257
CTGAGAAAGTTCGGCG,10,45.94871794871794
CCAAGCGTAACTCGTA,56,72.2051282051282
AGTCAAGATGACACTT,37,47.58974358974359
ATCTGACATGGAAGGA,86,22.974358974358974
GCTCCTGACATACTGG,95,34.46153846153847
GCTGTTGCTACCGAAC,32,62.358974358974365
TTGTTAGCAAATTCGA,85,90.25641025641023
GTCCTACGAATAGTCT,36,39.38461538461539
TGGTCTGTTGGGCGTA,98,65.64102564102564
AAAGTTGACTCCCGTA,31,57.43589743589743
ATCTGGGCTGTTCTTG,58,26.256410256410263
TTGCCGCTTTCTAGTA,49,24.615384615384613
GCGAGAGTTGCGTCCA,20,72.2051282051282
TGACATGTAACGTGAC,64,13.128205128205124
TCGTCAAGTACGCGCA,89,34.46153846153847
AGTGCTTGCACGAATA,38,59.07692307692308
GCTAATACCGAATGCC,80,91.8974358974359
AAGGCAGGCTGTCTCC,9,57.43589743589743
ACACGTAGGCCACAAG,17,31.179487179487182
TTACCCTAGGGATTGG,69,27.897435897435894
CTGCCTTTCTAGTAAA,34,22.974358974358974
AGAGTAAACTTCACTA,21,47.58974358974359
CGAGGCTAAATATGGC,56,78.76923076923077
TCTAGGTGGCGACGCT,28,78.76923076923077
CATAAGAAGCTTGGCT,55,31.179487179487182
TCATCGACGACCGTCG,43,11.487179487179487
TTCTAGAAAGTCTTAT,81,27.897435897435894
GAGAGGTGCATTCTGG,99,54.15384615384616
GCTTGGATCGATTAGG,30,75.48717948717949
TGCTAAGTGTCTATTT,37,41.02564102564102
GTTCGCTGAGACGTCT,18,39.38461538461539
AAATTTGCGGGTGTGG,94,49.230769230769226
TGCAGAGTACCGAGCA,81,64.0
AGCCCGGTAGCCTGTA,78,26.256410256410263
CGCAAACACGAGTTAC,90,82.05128205128204
GAATAGACGCGACCCA,35,57.43589743589743
ACAGGTGGAGGTGAGG,88,42.66666666666667
AAGGTGATAAACCAGC,35,54.15384615384616
CCAACGATGCACTGAT,90,75.48717948717949
GCTTTCAGAGGAGGTG,32,72.2051282051282
TTGACTATTGTCCGGC,23,50.87179487179488
CCCGTCAGCGTCTGAC,76,88.61538461538461
GGAATGCGCTAGCGTG,45,73.84615384615384
GATATTGAGATTGGCG,27,70.56410256410257
GGTATTGCCGAGTTTA,74,72.2051282051282
TATAGAGTCGCTTGAA,81,21.33333333333333
CGGAAAGAATCAAACG,79,31.179487179487182
CGTTGCCCGCGTGGGA,82,19.692307692307693
TGGACTGTTCGCTCAA,54,65.64102564102564
CGGGAATTTATGTAAA,62,52.51282051282051
ACATCGTATGCAATGG,46,52.51282051282051
ATTGCTGCTCCTCCAT,84,68.92307692307692
CCCAGGTCTGAAGGCT,16,39.38461538461539
TCCAATAAAGGCTACC,74,22.974358974358974
GATGCGTCCTGCATTC,70,65.64102564102564
TTGCGTCGGCCAACCG,86,42.66666666666667
GTACTAAGATTTGGAG,72,82.05128205128204
GTGGTGGCCAAGTGAA,48,52.51282051282051
AGCTCTAGACGTTCCA,51,64.0
TGCCTTGGCCAGGCAA,45,41.02564102564102
ATTCCTCCGCCAGTGC,88,88.61538461538461
AATTCGATTCGAGGAT,51,18.051282051282055
CGCCTCCCTCCTCTAT,54,55.7948717948718
ATACGTCCACTCCTGT,34,49.230769230769226
CCGGTTTGTAATTGTG,85,34.46153846153847
CTTGCCCAGGCTCTAC,72,52.51282051282051
CCTATAATGAGTGCCC,46,36.1025641025641
ATTGAAGATCTTAGTG,78,75.48717948717949
ACAATCCATTTAAACC,95,67.28205128205128
AAGCGCAGGGCTTTGA,54,16.41025641025641
TGCAACTACTGGTTGA,36,13.128205128205124
GTCTCAAGGCCCGGCT,61,27.897435897435894
ATTGTACAACTCGGCT,24,68.92307692307692
ATTCAGTAGCAGGGTC,102,82.05128205128204
CACAGCACCCACGGCA,68,75.48717948717949
CCGTGTTAAATTCCAT,91,47.58974358974359
CCTCGGACCGGGATAG,42,59.07692307692308
ATTCAACCATTTAAGG,27,31.179487179487182
TCTTGATGCGTAGCGA,59,73.84615384615384
ATGATGCAATGGTACA,77,54.15384615384616
GTGGTTACTTCTTTCG,22,75.48717948717949
GCCCAGTTGGTATGCC,89,90.25641025641023
GCTAGGCACCACGGAG,43,37.74358974358974
GTATGTGGGTCTAGTT,35,64.0
GTGACTTCAGTAGTGC,77,50.87179487179488
AGCATCGTCGATAATT,75,90.25641025641023
AGACTAGCCTTCCAGA,81,80.41025641025641
TTCACTTCCTAGAACG,76,16.41025641025641
ATATAAATGTAGCTGC,53,37.74358974358974
CTTTGCATCGCTCTTG,33,27.897435897435894
TTATAGGTAATTGTCT,54,26.256410256410263
TCGTACCGACGTCAAG,71,14.769230769230774
TGCTTCCCAAGCAGTA,61,24.615384615384613
CGACAATTTGATCTAA,32,55.7948717948718
AGAGAACCGTCTAGGA,39,83.6923076923077
GAATAGTGCTCGATTA,91,27.897435897435894
CCTGAACGATATATTC,42,65.64102564102564
AGCCACTCCCGTGCTT,46,88.61538461538461
TATGATCTTCTCTTTA,37,31.179487179487182
TACCTCAGTTGTCTGT,77,27.897435897435894
GATCTGCTATCTAAGG,71,24.615384615384613
ACCCATTTGTCCCTCT,27,27.897435897435894
ACCCGTGTCATCAGTA,73,31.179487179487182
TGAGGAGTGCCAGCTT,69,31.179487179487182
AGTTCCTATTTATGTT,62,55.7948717948718
ATCCAGAGCAACAACC,75,44.30769230769231
CAGACACCGATCGCTG,76,39.38461538461539
CGTTAATGTCCCGACG,40,29.538461538461533
GCACTGCCTACCTTTA,59,18.051282051282055
TGGTCCCACGCTACGG,53,41.02564102564102
AGGGTTCCCTTTGGTT,39,77.12820512820514
CGCGAGTCTGCCGGGT,107,41.02564102564102
GTCCCGCGACGTTATG,45,31.179487179487182
ACAATAGTCGTACGTT,107,57.43589743589743
CTTTCTGTGCGGGCTT,61,37.74358974358974
GTTGGATTGAGAACAC,39,73.84615384615384
ACTCGTAACCCGTCCT,104,45.94871794871794
GGAGCAACATTTCAAG,24,32.82051282051282
GAAAGAACAGCGTTAT,24,65.64102564102564
CCGATCTCAACCTTAT,26,65.64102564102564
GAACAGATTACTAAAT,56,32.82051282051282
GTCGGGAAGCAGAAAC,62,29.538461538461533
TTGGACCATCTGGCAA,22,42.66666666666667
TGTTCCGCTTCCATGA,83,67.28205128205128
CGTAGAGAGTAATTAT,40,16.41025641025641
CTATTTGCTTGGAGGA,63,11.487179487179487
GCGGCTCTGACGTACC,89,64.0
GATGCTACCTTCGATG,69,11.487179487179487
AGTCGGCCCAAACGAC,88,85.33333333333334
ACCATCGTATATGGTA,85,57.43589743589743
CCATGCCTGTTTAGTA,74,68.92307692307692
CGGGATCAATGTAAGA,68,88.61538461538461
TCTAATACTGCCTCAG,102,32.82051282051282
CGGGAATATAGTATAC,22,49.230769230769226
CATATAGGTACAGTCA,72,55.7948717948718
TTCTGCCGCGCCTAGA,58,45.94871794871794
ACCAACCGCACTCCAC,30,19.692307692307693
CTGTGCAGGGTAGGTC,57,57.43589743589743
CGGGAGCTTCAGTGTA,36,45.94871794871794
GAAACCTATACAAATG,75,27.897435897435894
ATAAGTAGGGCGACTC,19,67.28205128205128
CAACGTGGTGGAGTCT,14,36.1025641025641
GGCGTCCTATCCGCTG,94,75.48717948717949
TTCTTGTAACCTAATG,92,88.61538461538461
CAGCTCACTGAGACAT,68,72.2051282051282
GGCGAAATCTAACTTG,40,55.7948717948718
TTCAACGACCCGACCG,79,93.53846153846156
GTAACATCTAAGATAA,17,34.46153846153847
TGTCCGCAAACAATTC,76,6.564102564102569
CCGGAGCGTACTTTCT,71,31.179487179487182
TACGCCGAGGGTACCC,93,34.46153846153847
TTATGACAAACTGGAT,92,82.05128205128204
TTAGGTCATAACCGAC,89,31.179487179487182
ATAAACGTTGCACCAC,20,32.82051282051282
AGTGATAACCTGCGCG,38,29.538461538461533
TGTGGCAAAGCGTATG,40,78.76923076923077
ACTCTCTGACTTAGGT,49,57.43589743589743
GTCATGCACCTCCGTT,66,78.76923076923077
AGTACGGGCACCTGGC,48,85.33333333333334
AGAGGCTTCGGAAACC,26,42.66666666666667
CGCGTTCATGAAATAC,76,82.05128205128204
CATACTTCTTTCTCCG,75,14.769230769230774
ACAAGGATGCTTTAGG,40,26.256410256410263
GGGAGCGACCGTAGTG,41,14.769230769230774
TCGTTGCTATCCGGTC,81,37.74358974358974
TTCCTCGGACTAACCA,41,44.30769230769231
GATCGCTACCCGATTT,29,44.30769230769231
TCAGTAGGGACTATAA,79,50.87179487179488
TTCCTCGAGGGTGTCT,78,91.8974358974359
AGCGGGTCTGACACTC,61,18.051282051282055
CCCAAGTCATTACACT,31,14.769230769230774
GTAGAGGGAGACAAGT,96,42.66666666666667
TCAAGAAATACTAGCT,19,70.56410256410257
CCACAATGTACGTCTT,42,78.76923076923077
CAACTGCTCATCCGAT,72,29.538461538461533
TATAGATGGTCGCAGT,25,60.71794871794872
CTCGGTACCACTGCTC,46,59.07692307692308
GTGCGTGTATATGAGC,44,59.07692307692308
AACCTTTAAATACGGT,59,37.74358974358974
CGCTACGGGACATTTA,79,64.0
TCCTCGGGCTGGGCTT,51,60.71794871794872
AGAGAAGGAGTACAAT,93,31.179487179487182
ACCTCCGCCCTCGCTG,20,36.1025641025641
TAAGTAACATCTTGAC,87,50.87179487179488
CCGAACCTTCCCGGCC,56,45.94871794871794
ATAAGTTACCGCGACG,75,50.87179487179488
ACCTGCGTGTCATGTT,109,50.87179487179488
TCTCATGAGATAGGGT,40,45.94871794871794
GCTGGCGGCGCATGCT,63,37.74358974358974
CAATGGATCTCTACCA,41,80.41025641025641
GCGCTTAAATAATTGG,38,32.82051282051282
GAATTATAGTGAAAGG,59,70.56410256410257
CCGGCACGACCGTTTC,16,68.92307692307692
CGGGTTTGTTAGGGCT,13,34.46153846153847
GATTGGGAAAGGTTGT,47,18.051282051282055
TCAACCATGTTCGGGC,76,85.33333333333334
CTGTAGCCATCTCACT,81,34.46153846153847
TGCGAGAATATTACCC,87,44.30769230769231
GGACCAACAGGATAAC,60,42.66666666666667
GACGACGATCCGCGTT,57,41.02564102564102
CGAGAGGGTAGCCGCG,23,34.46153846153847
TACGTGGGCCCAGGGC,46,13.128205128205124
CTTCTATGTTGAAGTA,99,50.87179487179488
CCAGTCTAGACGGCGC,41,86.97435897435898
CGAACAGTATGGGCGT,31,44.30769230769231
GTCTTGTAGCTATTCA,15,54.15384615384616
CTGGAAGACACGGTGG,39,44.30769230769231
TCTAGTTATCAGAAGA,73,70.56410256410257
ATCGCCAGTCAACATT,22,52.51282051282051
ATCCTGCGTGGAATGG,80,52.51282051282051
TTCTTGGACGATCTGC,95,41.02564102564102
CGACACGCTCCGACAG,33,50.87179487179488
GGCAAAGGCGCCAATA,93,37.74358974358974
CAAGCAACGTCGGAGT,89,73.84615384615384
GGCGCTTCATTCCCTG,56,16.41025641025641
GATCGCGGGCTCTCCA,75,67.28205128205128
GAGTGTCAACCAGAAA,44,22.974358974358974
AATTAAAGGTCGGCGT,77,60.71794871794872
AGTTGACGGTCCTTGC,64,19.692307692307693
AGGTATAATTGATAGT,18,68.92307692307692
AAGCCGAAGCGGTTTA,20,45.94871794871794
TCCGGGCTTGACGGGA,31,18.051282051282055
CGGGCAGCTAAACCGC,71,73.84615384615384
ATATTCCACATAGTGA,50,42.66666666666667
AAGACCCAACTGAACA,73,27.897435897435894
TCAGTGTATACGTCAT,91,31.179487179487182
GGCAAGGCGAAATAGC,58,52.51282051282051
CGCGACCGCGACAGAT,46,29.538461538461533
CCACACTGAGATATTA,78,62.358974358974365
TAGCAGTATGACTAAA,29,18.051282051282055
TTGTCGTTCAGTTACC,69,90.25641025641023
GTTCGCCATAAGTGCC,74,65.64102564102564
GCCGACCCACGACTGC,97,24.615384615384613
CATGTAAGAGACATTT,37,37.74358974358974
CTGCTGAGGCCACGAA,92,45.94871794871794
ACAGCGACATTCTCAT,28,29.538461538461533
TTACTAAAGGACTTTA,49,47.58974358974359
GAGACTGATGGGTAGA,71,80.41025641025641
TACATAGGCATACACC,67,60.71794871794872
AAGCACCCTGCGTATC,54,29.538461538461533
TCAGACGCTATAGAAG,55,47.58974358974359
CTCATTGCTCTAACAA,49,27.897435897435894
TCCGATGGTGCGACAT,74,85.33333333333334
ATGTACGATGACGTCG,63,18.051282051282055
CCCGTTTCGCAGATGT,21,41.02564102564102
TAACTCATCCGCGCGG,78,55.7948717948718
TCTTTAAGACTATGAA,29,70.56410256410257
CTAGTCACGTCTTAAG,58,65.64102564102564
ACCAGTGCGGGAGACG,33,47.58974358974359
GTTAACATCACTTAAA,54,36.1025641025641
TTGGGCGGCGGTTGCC,51,77.12820512820514
TGACGATGCACTAGAA,32,65.64102564102564
ACTCAATAAAGGCACG,58,85.33333333333334
CGTGTCTCGTTACGAC,93,27.897435897435894
ACTTTCCTATAGCTTC,65,80.41025641025641
GTACTGGAGTTAGACC,46,72.2051282051282
GAATGTTGGGTAATCT,58,88.61538461538461
GTTGCACGGAGTTTCG,79,86.97435897435898
AACGATAATGCCGTAG,54,39.38461538461539
GTTTGGGTTTCGCCCG,36,22.974358974358974
CTCTACACTGGCGATT,110,55.7948717948718
AAGCATACTCTCCTGA,58,39.38461538461539
CCACAGTACCCATCCT,35,47.58974358974359
TTGGCTCGCATGAGAC,90,88.61538461538461
CAAATGTCCTTCCGTG,74,52.51282051282051
TATAAGTGAGGATAGC,88,91.8974358974359
GACCGACGTGAAAGCA,15,64.0
AGACCCACCGCTGATC,62,45.94871794871794
TTACAACTACGCATCC,75,86.97435897435898
AAGGCGCGTAAAGCTT,89,86.97435897435898
ACCCGGATGACGCATC,27,64.0
ACACACCAGGACCAGT,37,54.15384615384616
TCCTTACGACGGTCCG,32,45.94871794871794
CCACTGTTTGGATTAA,21,31.179487179487182
CTCGAGGTCGAACAGT,68,78.76923076923077
CTTCGGCCAATTGTTT,17,44.30769230769231
AGCGTGGTATTCTACT,56,52.51282051282051
CCCTGAAATGAGTTGA,88,75.48717948717949
ATCGACCCAATACAGA,64,55.7948717948718
CACCCAAATCTTATGT,22,68.92307692307692
TCTAGTGATATCGTGG,29,54.15384615384616
AAGAGGCCCTTTGGAA,18,29.538461538461533
CGCATGGTGCGATGCT,61,60.71794871794872
GCGAAACGATCGGGAG,27,37.74358974358974
CGCACATGTCCACTAC,40,62.358974358974365
TCCAGGCGAGTACGGT,70,75.48717948717949
GGGACTGCATAGATAG,67,73.84615384615384
AAATTAACGGGTAGCT,69,70.56410256410257
GTCGGATATCTCAGAC,91,73.84615384615384
GGGCGGCAAATGAATT,82,45.94871794871794
GCCGAAATTCCTACGT,82,68.92307692307692
ATATAAAGCGCTCGTG,59,31.179487179487182
ACTAGTTGCGATCGTC,23,44.30769230769231
TACCGGCTCACTGCCC,62,49.230769230769226
AGCCCGCAACAAGCAG,73,14.769230769230774
GGTCTCCGTCCAGGTT,26,22.974358974358974
GATGACAAGTAGGGCA,94,32.82051282051282
TAGTGCCCTCCAGAGT,75,73.84615384615384
TCAAACTTAGATTGTT,62,75.48717948717949
AGATGATGGAGTCTGG,21,70.56410256410257
CTTTACCGAATAGTAG,43,44.30769230769231
CGTGCAGACTGGGACA,53,60.71794871794872
ACGTTCTGTACAAGTC,32,19.692307692307693
TCAAATTGTTGTGCCG,49,14.769230769230774
TACGTTTACCGGCAAT,95,60.71794871794872
TAGGGAGCTTGGGATG,31,67.28205128205128
CCTTGACCACTTTATT,18,36.1025641025641
GGAGCGAGGCCTACTT,58,16.41025641025641
TCAACTGCAGAGTCAG,19,34.46153846153847
AATCATGTAAAGACTC,29,37.74358974358974
AGTGACCTACTTTACG,75,54.15384615384616
TCGTAAGACGACATTG,50,82.05128205128204
TACATTTCTAACGTGC,72,62.358974358974365
AATGACGTAGGATGTC,49,54.15384615384616
TAGTCCGCAGAGAATG,74,62.358974358974365
TAATTACGTCAGTAGA,25,24.615384615384613
GCGATTGTTAACGTTA,50,65.64102564102564
CTCAACTAACCCGGAT,42,22.974358974358974
AGTGGCGTCTGAAGGT,41,24.615384615384613
ATGTGGACATCTTGAT,56,49.230769230769226
TGGCTATGTGACATAC,45,27.897435897435894
TCCTTTCTTACGCTTA,65,77.12820512820514
CGCGCATGTTTGATTG,73,44.30769230769231
GTATTCTGAGAAACGA,89,47.58974358974359
AAGTGACGACCGAATT,102,59.07692307692308
GAATCTGAACATTCTC,63,57.43589743589743
ACATCGATCGTTTACC,65,57.43589743589743
GTTATAATACGGTGAA,20,39.38461538461539
TAGGTGCTCGCCTAGC,41,60.71794871794872
TGGCCAAACTGAAGTA,51,80.41025641025641
CTATGGGAAGCGGAAT,23,37.74358974358974
ATCGTTAGCTAGCGGA,29,31.179487179487182
GCGGAGAAACTTCGCA,94,36.1025641025641
AGGCCACCCGTTATGA,89,80.41025641025641
TATGTCTCATTGTGCC,45,77.12820512820514
GGAGGGCTTGGTTGGC,49,73.84615384615384
AAGGCTGTGCTCATCG,81,77.12820512820514
CCTATGGTCAAAGCTG,59,14.769230769230774
GTGGACGCATTTGTCC,63,34.46153846153847
GTGCACCAGCTTCAAC,73,18.051282051282055
TGACTATAATCCTTTC,59,50.87179487179488
AGGACAGTCGAATCCC,42,55.7948717948718
CACATTTCTTGTCAGA,19,54.15384615384616
ATATAACACGGGCGCA,33,18.051282051282055
AAGGTATCCTAATATA,46,85.33333333333334
TCACCGCTCGGCACTC,35,77.12820512820514
GACACTGAGTTCAGTG,81,54.15384615384616
TGCTGGTTGGACAATT,86,91.8974358974359
TCTCCACAAGTTGAAT,34,26.256410256410263
GCTAGACCGTCTACTG,23,57.43589743589743
GGTAGTGCTCGCACCA,55,70.56410256410257
GGGCGTCACCACGTAA,77,47.58974358974359
TAGCCATTTCAAAGTC,38,55.7948717948718
TGAATGTCAGCCGGCC,18,49.230769230769226
CGGCCCAGGTATATCC,22,55.7948717948718
AGGGCTGCAGTTACAG,62,68.92307692307692
TACGAACACGACTTCA,74,75.48717948717949
TCGGAATGCGCTCTGA,99,77.12820512820514
CCTCTGTACTATTCTA,66,39.38461538461539
ACACCCAGCATGCAGC,77,86.97435897435898
GGCGGTAGGATCATTG,58,75.48717948717949
TGGCAACTCGCGCGCC,41,90.25641025641023
GTATCAAACGTTAGCT,30,36.1025641025641
ATTATTCAGAGTCACT,30,16.41025641025641
CGTTGAGCGACCGTCG,53,54.15384615384616
ACTCCCTAGAATAGTA,57,47.58974358974359
CGGCGCCATCAATCCC,34,29.538461538461533
TTATGAATGAAAGGGA,64,59.07692307692308
GATTCCCTTGTCGCAG,60,85.33333333333334
CACTCGAGCTGAACAA,53,47.58974358974359
CTCATTTGATGGGCGG,65,90.25641025641023
GACACTGGAACCCGAT,17,41.02564102564102
GCTCAATGTAATACCG,69,24.615384615384613
GAACCTTTAACGATCC,48,22.974358974358974
TCCCGGGTGTGCTGCT,93,70.56410256410257
GTACTCCCTTATCGCT,99,67.28205128205128
TCGCTCGATATATTCC,64,78.76923076923077
TTACTGGGATATTTCA,73,54.15384615384616
AGATACTCAAGATCGA,45,50.87179487179488
CGATTCGCCTGGCTGC,54,32.82051282051282
TTACTCTGGTACGTAC,96,55.7948717948718
TAACGCTTTGAGAGCG,98,82.05128205128204
TCGGAGTACATGAGTA,53,73.84615384615384
GCATGAGGGACGCGGC,37,77.12820512820514
TCTGTTACCCAGCATA,92,42.66666666666667
AAGTTTATGGGCCCAA,57,14.769230769230774
TAGGTGACGATAACCT,48,26.256410256410263
CCGACAATAGGCCGCC,16,32.82051282051282
AGTCACTAGCTCTCGA,28,36.1025641025641
CTAACTGATAATCGCC,25,31.179487179487182
AAAGTGTGATTTATCT,33,54.15384615384616
TTCGCTAGGAAGTTGT,10,59.07692307692308
CCACTCAGATCCGCAA,47,8.205128205128204
GTGCGACAGGGAGTGT,27,67.28205128205128
CTGGAAATGGATGCTT,74,78.76923076923077
CTAGTTACAACCCGGT,60,39.38461538461539
ACTTGGGACCCGGTGG,78,78.76923076923077
ATTATTATGTCCGTCA,90,29.538461538461533
ACTCTTGTATAGTAAC,57,67.28205128205128
AGTCCATTGGCTGATG,27,57.43589743589743
ATTGCGATCAGTAACT,28,42.66666666666667
TCCCGTCAGTCCCGCA,52,88.61538461538461
ATTACGCGCTGGCAGG,97,60.71794871794872
CACATATTAGCAGGAT,54,49.230769230769226
TTCTTATCCGCTGGGT,26,45.94871794871794
CAGCAGTCTGTGCTGC,53,24.615384615384613
GTGCCGCTTCAAAGGT,83,54.15384615384616
AGGGACTCTACGCGAC,74,36.1025641025641
GGAGCACCAAGAACTA,45,83.6923076923077
GAGATCTGTCACTCCG,53,77.12820512820514
ATCCACATCGACAGAA,55,24.615384615384613
CGAGGGACTGCGGTCG,49,64.0
GATGCTGTATTTCATC,52,55.7948717948718
GACATCGATTTATAAC,77,41.02564102564102
TTAGAGTTTAGAAGGA,41,50.87179487179488
ATAGACAACGGGACCT,35,80.41025641025641
ACTGAATGGCGAAAGT,44,49.230769230769226
GGAGAAGTCATTGGCA,86,88.61538461538461
CCTCGGTTTCCTTGCC,89,11.487179487179487
GAGGATAAACAGTGCT,13,60.71794871794872
CTTGTCAACATTCGAG,61,44.30769230769231
GACTAGGCCGTTAGGT,49,18.051282051282055
CGGCAGGGTCGGGTTG,33,73.84615384615384
AGTATAATACTAGGCA,94,85.33333333333334
TTAAGCGCCTGACCCA,83,77.12820512820514
CTGCACTCCAGTACAG,57,37.74358974358974
TTATCCGGGATCTATA,40,42.66666666666667
GGCTCCTCCACCTGTT,92,29.538461538461533
ACTCGTCAGTAATCCC,49,67.28205128205128
ATTAGGCGATGCTTTC,56,65.64102564102564
TGGCTACACTCTACCT,27,21.33333333333333
TCACAGGGAATCGCAA,48,49.230769230769226
AGTTTGGCACGGGTTG,25,47.58974358974359
TCACAGGTTATTGGGC,79,73.84615384615384
ACTGTACGATACACAT,49,77.12820512820514
CCACGGAGCCATAAGA,100,49.230769230769226
GCAGATTAGGGATATC,66,65.64102564102564
ATCTGGTTAAGACTGT,51,83.6923076923077
GACAACGACCATTGAA,50,85.33333333333334
TTGAAGAATTCCCAGG,77,73.84615384615384
CTAACGAAACTTGCTG,33,77.12820512820514
ATTGCCTTTATGTTTG,43,21.33333333333333
AGGCATTGTCGTAGGG,28,45.94871794871794
CTGTGGTCGGGAGATA,38,36.1025641025641
TAGGTTCGAGTTCGTC,60,68.92307692307692
GCTATACGTCTCGGAC,39,41.02564102564102
TAGACGAAACGCCAAT,54,22.974358974358974
TCTTCCCATGGGCACA,31,73.84615384615384
TAACCTACCGTCCGAG,26,72.2051282051282
AGACCGCTCCGCGGTT,16,42.66666666666667
ATCGCACGCCGGGAGA,70,85.33333333333334
GCCTATAGTGTCAGGG,36,78.76923076923077
ACTATCCAGGGCATGG,19,64.0
TGCAGTTTCCTCCCAT,37,60.71794871794872
GTTCACAGGAGTCTAG,93,73.84615384615384
TTGTAAGGCCAGTTGG,46,82.05128205128204
CACGAAAGTTAGTCCC,98,72.2051282051282
GGGCAGTCAACGCCAA,48,13.128205128205124
TTGAACGACGTGCTGA,39,27.897435897435894
ATTAAACATGCGGACC,68,55.7948717948718
ATTACATGTCAGTCTT,19,44.30769230769231
CGCCGTTCAGCATAGT,23,31.179487179487182
TGATTCGTCTATCACT,86,75.48717948717949
TCGTGTTCGACCACAA,22,32.82051282051282
TTGACGCTCCATGAGC,26,59.07692307692308
TCATTTAAGTCTCCGA,28,68.92307692307692
CGGTCAAGTGGGAACC,47,83.6923076923077
GATCGTGACTGATATC,55,64.0
CACCCTAACAAGATCT,47,34.46153846153847
AAACTGCTGGCTCCAA,60,52.51282051282051
ACGGCACTTGCTTGGG,67,41.02564102564102
AGAACGTGGTACATTC,54,82.05128205128204
AGTACTCTTATGCCCA,39,34.46153846153847
CTTCGATTGCGCAAGC,39,14.769230769230774
ATCGACTCTTTCCGTT,66,88.61538461538461
ATTCACTGATGTTGGA,59,34.46153846153847
CGAGATTTCGCTCGGG,11,57.43589743589743
GTAGCTTCCTCTTGTT,38,75.48717948717949
GAAAGCAGTGCACTTT,73,34.46153846153847
AAATCTAGCCCTGCTA,26,39.38461538461539
TGGCAATGGGACGGCG,21,37.74358974358974
GTCGCGTAACCCGTTG,52,62.358974358974365
GTGCTCAAGTACTGTC,75,70.56410256410257
ACAGAACTGAGAACAA,103,41.02564102564102
TATCTACCACAGCGGG,67,57.43589743589743
TTCGACGGGAAGGGCG,83,86.97435897435898
GAGGAATGGAGAGGTT,96,82.05128205128204
TGTACCTACACGAGGG,36,29.538461538461533
TGTATAACAGATCCTG,48,78.76923076923077
TACCGTAGGTTAACTA,70,29.538461538461533
AAACAAGTATCTCCCA,25,44.30769230769231
AACGCTGTTGCTGAAA,33,37.74358974358974
CATGATGGAAGTTAGC,24,52.51282051282051
GGAGACGACACCTTTG,60,55.7948717948718
TTGACCATGTTCTCCG,49,86.97435897435898
GCTTAATGTAACTAAC,43,57.43589743589743
GTGACAGCTTCCCACT,53,21.33333333333333
TGCGACACCCTAGTGC,81,50.87179487179488
GAGGTACGCGTGTCCC,60,16.41025641025641
TTAATGTAGACCAGGT,59,77.12820512820514
TAAGGGCCTGTCCGAT,32,32.82051282051282
GCTAACTGAAGTCTGA,39,31.179487179487182
AACGTACTGTGGGTAC,85,47.58974358974359
CCTATGAAGTGGTGCC,16,65.64102564102564
ATAGAGTACTGGGACA,79,83.6923076923077
TGTAGTGATCTATAAT,94,68.92307692307692
GGTTTAGCCTTTCTTG,25,50.87179487179488
CGCCATCCGATTATGA,47,86.97435897435898
ATATGTCTCCCTAGCC,30,68.92307692307692
TACTCTTTCGTCTTCA,81,31.179487179487182
CATAGTCCACAAGAAC,96,52.51282051282051
AGCCACAGGTTACCCG,38,22.974358974358974
ACATCCTGGTAACTGT,25,57.43589743589743
TATACGCGTCATCACT,59,27.897435897435894
CACGTTTCGTACACAC,36,36.1025641025641
TCCAAGCCTAGACACA,48,16.41025641025641
CATACACGGTTCCCAC,72,26.256410256410263
ACGCATACGTTTACTA,25,34.46153846153847
GCGACGATAGTTGTAC,73,47.58974358974359
GGTCGGCCAGGAGCTT,43,73.84615384615384
TTCCAGTGGGTTTCGT,80,3.2820512820512846
AATTGAACGCTCTGGT,44,52.51282051282051
TTACGGATGGTTCGAG,34,72.2051282051282
TAATAGAACAGAGTTA,89,44.30769230769231
TCTATGCTATAACGAC,33,21.33333333333333
ATGCCATTTGCGACCA,36,55.7948717948718
CAATTAAGGGTGATGA,62,78.76923076923077
ACGTAGATTGCTGATG,60,72.2051282051282
CACCTTGCGAAACTCG,43,86.97435897435898
CGCTGTGACGCCGCAC,80,85.33333333333334
GAAATTGTCTCTATAA,74,55.7948717948718
ACACGGGAACTTAGGG,56,82.05128205128204
GGTTTACAATCTCAAT,54,85.33333333333334
TCATCCTCAGCTGCTT,37,14.769230769230774
TCTGAGCAATTGACTG,15,37.74358974358974
CATAACGGACAGTCGT,33,67.28205128205128
CGGTACTAGAATCAAA,44,55.7948717948718
GTTCGTCTAAAGAACT,38,42.66666666666667
GCCACTCAGAGCGCGA,32,29.538461538461533
AAGTGAGTCGGGTTTA,79,24.615384615384613
TCACGTGCCCGATTCA,65,64.0
AACCTCGCTTTAGCCC,45,24.615384615384613
CGTATTAAGAGATCTA,73,73.84615384615384
CCACCCAAGGAAAGTG,52,65.64102564102564
GTAGCGGCTATACACT,58,62.358974358974365
TCTTAGAGCTCCAATT,19,60.71794871794872
AGTCTTTAAAGTGTCC,50,16.41025641025641
TTAGAAGAACATGACT,63,41.02564102564102
GCACGCCTACTTAGAT,88,36.1025641025641
TGGGCCCATACTAATT,38,49.230769230769226
AGAAGGTTGTAGGTCG,49,21.33333333333333
ATAATAGCTGTTGAAT,64,49.230769230769226
CAGACGAACCTGATAC,77,44.30769230769231
CTTTAGTGCTATTATT,63,54.15384615384616
AATGCAACCGGGTACC,68,85.33333333333334
GGAACCGTGTAAATTG,80,45.94871794871794
CCTGTTTGAAGACACG,33,31.179487179487182
GTCTATACACGCATGG,77,4.92307692307692
ATTTACAGTTTACTGG,89,77.12820512820514
CCGCGGAATGCGTCAC,82,42.66666666666667
GGCAATAGTCAATGAG,57,77.12820512820514
TTAACTTCAGGTAGGA,101,50.87179487179488
ACAAGGACAAGAGGTT,90,78.76923076923077
GTGAGGACACTTAAGG,50,59.07692307692308
CTTCCGCTCCGTGAAG,77,34.46153846153847
ACGATCATACATAGAG,64,85.33333333333334
TCTGCATACCTTGCTT,28,26.256410256410263
ATGGAGCAGGCCGTGA,61,67.28205128205128
CTATGTCACTAGCCCA,61,77.12820512820514
AGTATTTGGCACGACC,75,31.179487179487182
ATAATTAGCTAAGTAG,63,21.33333333333333
ACAATTTGAGCAGTGG,45,80.41025641025641
TTAGTTATTCGTGGCA,36,49.230769230769226
TTAGACGAGTCACCTC,47,47.58974358974359
TGCGGACTTGACTCCG,51,14.769230769230774
CAGTGTCGGCTGGCCC,35,41.02564102564102
CATCGGACGGGTTAAT,69,57.43589743589743
TGATCGGTTTGACCCT,73,80.41025641025641
GTTACCTACAACTTGC,60,49.230769230769226
TCTGAAGCACGTGGTC,43,34.46153846153847
CCACCAACTTTACTGT,87,41.02564102564102
ATAGACGAAGAGAAAG,82,72.2051282051282
CTCGCACCTATATAGT,59,86.97435897435898
TCCCGCGTACTCCTGG,58,82.05128205128204
TGACCCACGTTAGACA,80,72.2051282051282
CTCACATTTACTAAAT,59,24.615384615384613
GATCGGTGGCCATAAC,59,80.41025641025641
ATGGTCGCGTGGTTTC,42,52.51282051282051
AAATAGCTTAGACTTT,21,67.28205128205128
TTAAGTATTGTTATCC,37,21.33333333333333
CACGCACAGCGCAGCT,55,86.97435897435898
TCTGAATTCCGTACAA,33,70.56410256410257
TCTATCGGTCGCAACA,63,90.25641025641023
AGTCGTCGACCACCAA,36,32.82051282051282
ATCAATCTGGGCTGCA,62,72.2051282051282
GGGTGACACCTTAACT,71,50.87179487179488
CTAAGGGAATGATTGG,55,54.15384615384616
GAAGCGTGAGGAATTT,67,70.56410256410257
AACTCTCAGTGTGCTC,86,39.38461538461539
GACCACACTTCCCTTT,47,11.487179487179487
GACACAAGGGAAGAAA,55,77.12820512820514
CTGGCTGATTCATCCT,31,54.15384615384616
TATGGATGTGCTACGC,73,83.6923076923077
GTGATTCGCCGCTCAA,87,47.58974358974359
GGGCGTGGTTTCCCAG,46,26.256410256410263
GACGTGTAGGGATTAT,95,80.41025641025641
GCTCGCTCATGTCCAA,28,59.07692307692308
ACTTACGCATCCACGC,49,31.179487179487182
AGGAGGCCTTCGCGCG,29,41.02564102564102
TCACAAACCGAGGTAC,32,26.256410256410263
CTCACTGTGATACTTA,52,22.974358974358974
CCCAACATACGTCGCG,92,55.7948717948718
CGCCCAGCACGCCTAG,76,29.538461538461533
TTGGATATCGTCTACG,75,47.58974358974359
TGTACGAACAAATCCG,69,64.0
AGTCTTCTCCTCAAAT,61,86.97435897435898
GTCGTACCATCTCGGG,65,50.87179487179488
CTAACTGGTCCGGTTC,91,44.30769230769231
CTATTCATGTGTCCCA,65,41.02564102564102
CGCGGGAATTAGGCAG,47,80.41025641025641
GTACGTTTGCCCGTCA,59,54.15384615384616
AGTGATTCAAGCAGGA,40,72.2051282051282
TATTAACCTGACCGCG,82,32.82051282051282
CATACTATGTAATTGT,79,67.28205128205128
CCAGAAAGCAACTCAT,91,41.02564102564102
CTTACACGGTATTCCA,82,75.48717948717949
TCCGATGACTGAGCTC,51,90.25641025641023
CGGAGCATGGCGATCC,60,62.358974358974365
ACACGAGACTCCTTCT,56,75.48717948717949
GGGAGGATGCCCGAAA,76,65.64102564102564
ATGTAGCGCGCGTAGG,55,14.769230769230774
CAAGGATCGCATGTTC,59,60.71794871794872
CGCATTAGCTAATAGG,70,82.05128205128204
GCGGTTCCCTATCATG,78,49.230769230769226
ATTTGTCTTGGGAGCT,43,60.71794871794872
AAACCGGGTAGGTACC,99,57.43589743589743
GTATCCTTTGGTAACC,35,21.33333333333333
CCTCCTGTTGTGTCGT,31,24.615384615384613
ACAAAGCATGACCTAG,30,22.974358974358974
TAAACCCAGGAGGGCA,91,37.74358974358974
ACTTATTTATGTGCCA,37,50.87179487179488
GTCATTAGAGCGAACG,60,65.64102564102564
GAGTAGATACTAGTTG,63,24.615384615384613
CTGAATCCGAGACCTC,74,49.230769230769226
AAGACTGCAAGCTACT,59,67.28205128205128
GTGTACCTTGGCTACG,49,83.6923076923077
ACCAACGCTTATTTAT,78,39.38461538461539
CCTTTAAGGGAGCACT,77,31.179487179487182
ACGCCGCTAGACGACC,56,55.7948717948718
CAATGCGAGAAGTATC,45,37.74358974358974
CAGCCTCCTGCAGAGG,50,88.61538461538461
TTGGTCACACTCGTAA,79,47.58974358974359
GAATTCACCCGGGTGT,72,49.230769230769226
CAGAGCATGAGCTTGC,57,83.6923076923077
CGGTGCGCGTTGGTCC,88,45.94871794871794
GTCGCCGTTGTGTGTT,84,32.82051282051282
TGGCGATCAAGTTATG,72,42.66666666666667
CCTGACCACCGATGGT,66,52.51282051282051
ATAACGGAGTCCAACG,52,85.33333333333334
CATACGGCGTCTGGGC,64,62.358974358974365
GGTCTGAGAATCTGGA,47,77.12820512820514
ACTGTCCAGGATTATA,72,72.2051282051282
TAGCGTTGGGTCTTAC,59,64.0
TGCCTAATTGAAGATT,22,36.1025641025641
CAAACGAGTATCGCAG,80,49.230769230769226
ATGGGCCTCGGCCTCT,36,52.51282051282051
TACGACTGCCTCTTAG,61,54.15384615384616
TTAAACTCGAATTCAT,32,75.48717948717949
GCTGCACGGTTTCTTA,54,59.07692307692308
CTAGCATAGTATAATG,61,70.56410256410257
GCCCGTAATACCTTCT,48,82.05128205128204
CGTTGTCGGCAATTGA,61,21.33333333333333
GCACACACTGGTAGCC,33,34.46153846153847
TTCCAATCTGGCTATC,81,47.58974358974359
CCCAGTTAAGGCGCCG,45,57.43589743589743
CCTCTAATCTGCCAAG,54,88.61538461538461
AACCGAGCTTGGTCAT,57,86.97435897435898
GTCCGGGTTCACATTA,56,13.128205128205124
CCCAATTTCACAACTT,94,62.358974358974365
CAGCAGCCCGTTCCTT,49,80.41025641025641
AAACCGTTCGTCCAGG,85,41.02564102564102
TGTTCTTCCATTGACT,84,72.2051282051282
TCGCTGGGCGGATTGT,53,80.41025641025641
GCCGATTGGCCAAGCT,66,59.07692307692308
TTCCGCGTGAGGCGAT,63,50.87179487179488
GCTACGACTTATTGGG,58,55.7948717948718
TCTTCGAATAGACGTT,56,62.358974358974365
TACGCCATATTCTAAT,69,60.71794871794872
TATCCGCACCGTCGGG,74,29.538461538461533
TAAGGCAACATAAGAT,56,85.33333333333334
CAGTCTGTATACTGGG,61,57.43589743589743
CCAGCTCGAACGCATT,62,22.974358974358974
CCAGATAGTTGAGTGA,43,80.41025641025641
TTATATACGCTGTCAC,53,64.0
ACTACGCGTTAGAATT,71,27.897435897435894
GGCTCTGCTCCAACGC,55,83.6923076923077
AGGCAGGGAGCGTACT,78,29.538461538461533
TATTCCACTCAGCTCG,70,45.94871794871794
ATGGATTGACCAAACG,66,82.05128205128204
TAATAGTGACGACCAG,44,82.05128205128204
CGTCACGTCCATTGGT,76,49.230769230769226
GTATCTTTCATAACCA,61,50.87179487179488
ATAGGTTGGGCAGATG,63,80.41025641025641
TTCAGCTGGCGTGCCC,32,36.1025641025641
CCACGGTGCCCGGTAG,20,68.92307692307692
TCAGGGTGTAACGTAA,55,80.41025641025641
CTACCCTAAGGTCATA,36,75.48717948717949
AAATCGTGTACCACAA,71,54.15384615384616
TACCGGTCGTTTCCAT,93,54.15384615384616
TCCGTTTAGCCTTGAA,38,78.76923076923077
TTGGGACACTGCCCGC,57,80.41025641025641
TACGACGCTTGCTGCG,73,50.87179487179488
TTGCTCCCATACCGGA,55,90.25641025641023
TTCGGGCGCTAGTCTT,90,36.1025641025641
TCCAGAGCACCGGTTC,57,60.71794871794872
